Angle,Time
0.0,0.0
-0.8,0.003
-1.6,0.012
-2.4,0.018
-3.2,0.026
-4.0,0.034
-4.8,0.041
-5.6,0.047
-6.4,0.052
-7.2,0.056
-8.0,0.06
-8.8,0.064
-9.6,0.068
-10.4,0.072
-11.2,0.075
-12.0,0.079
-12.8,0.083
-13.6,0.087
-14.4,0.091
-15.2,0.094
-16.0,0.098
-16.8,0.101
-17.6,0.105
-18.4,0.108
-19.2,0.111
-20.0,0.115
-20.8,0.118
-21.6,0.121
-22.4,0.124
-23.2,0.127
-24.0,0.131
-24.8,0.134
-25.6,0.137
-26.4,0.14
-27.2,0.143
-28.0,0.147
-28.8,0.15
-29.6,0.153
-30.4,0.157
-31.2,0.16
-32.0,0.163
-32.8,0.166
-33.6,0.169
-34.4,0.173
-35.2,0.176
-36.0,0.179
-36.8,0.182
-37.6,0.186
-38.4,0.189
-39.2,0.192
-40.0,0.195
-40.8,0.198
-41.6,0.201
-42.4,0.205
-43.2,0.208
-44.0,0.211
-44.8,0.214
-45.6,0.217
-46.4,0.221
-47.2,0.224
-48.0,0.227
-48.8,0.23
-49.6,0.233
-50.4,0.236
-51.2,0.239
-52.0,0.243
-52.8,0.246
-53.6,0.249
-54.4,0.252
-55.2,0.255
-56.0,0.258
-56.8,0.262
-57.6,0.265
-58.4,0.268
-59.2,0.271
-60.0,0.274
-60.8,0.277
-61.6,0.281
-62.4,0.284
-63.2,0.287
-64.0,0.29
-64.8,0.294
-65.6,0.297
-66.4,0.3
-67.2,0.303
-68.0,0.306
-68.8,0.31
-69.6,0.313
-70.4,0.316
-71.2,0.319
-72.0,0.322
-72.8,0.325
-73.6,0.329
-74.4,0.332
-75.2,0.335
-76.0,0.338
-76.8,0.341
-77.6,0.344
-78.4,0.348
-79.2,0.351
-80.0,0.354
-80.8,0.357
-81.6,0.36
-82.4,0.364
-83.2,0.367
-84.0,0.37
-84.8,0.373
-85.6,0.376
-86.4,0.38
-87.2,0.383
-88.0,0.386
-88.8,0.389
-89.6,0.392
-90.4,0.396
-91.2,0.399
-92.0,0.402
-92.8,0.405
-93.6,0.408
-94.4,0.412
-95.2,0.415
-96.0,0.418
-96.8,0.421
-97.6,0.424
-98.4,0.428
-99.2,0.431
-100.0,0.434
-100.8,0.437
-101.6,0.44
-102.4,0.443
-103.2,0.447
-104.0,0.45
-104.8,0.453
-105.6,0.456
-106.4,0.459
-107.2,0.462
-108.0,0.466
-108.8,0.469
-109.6,0.472
-110.4,0.475
-111.2,0.478
-112.0,0.481
-112.8,0.484
-113.6,0.488
-114.4,0.491
-115.2,0.494
-116.0,0.497
-116.8,0.5
-117.6,0.503
-118.4,0.506
-119.2,0.51
-120.0,0.513
-120.8,0.516
-121.6,0.519
-122.4,0.522
-123.2,0.526
-124.0,0.529
-124.8,0.532
-125.6,0.535
-126.4,0.538
-127.2,0.542
-128.0,0.545
-128.8,0.548
-129.6,0.551
-130.4,0.554
-131.2,0.557
-132.0,0.56
-132.8,0.564
-133.6,0.567
-134.4,0.57
-135.2,0.573
-136.0,0.576
-136.8,0.579
-137.6,0.583
-138.4,0.586
-139.2,0.589
-140.0,0.592
-140.8,0.595
-141.6,0.599
-142.4,0.602
-143.2,0.605
-144.0,0.608
-144.8,0.611
-145.6,0.615
-146.4,0.618
-147.2,0.621
-148.0,0.624
-148.8,0.627
-149.6,0.63
-150.4,0.634
-151.2,0.637
-152.0,0.64
-152.8,0.643
-153.6,0.646
-154.4,0.649
-155.2,0.653
-156.0,0.656
-156.8,0.659
-157.6,0.662
-158.4,0.666
-159.2,0.669
-160.0,0.672
-160.8,0.675
-161.6,0.678
-162.4,0.682
-163.2,0.685
-164.0,0.688
-164.8,0.691
-165.6,0.694
-166.4,0.697
-167.2,0.701
-168.0,0.704
-168.8,0.707
-169.6,0.71
-170.4,0.713
-171.2,0.716
-172.0,0.72
-172.8,0.723
-173.6,0.726
-174.4,0.729
-175.2,0.732
-176.0,0.736
-176.8,0.739
-177.6,0.742
-178.4,0.745
-179.2,0.748
-180.0,0.752
-180.8,0.755
-181.6,0.758
-182.4,0.761
-183.2,0.764
-184.0,0.768
-184.8,0.771
-185.6,0.774
-186.4,0.777
-187.2,0.78
-188.0,0.784
-188.8,0.787
-189.6,0.79
-190.4,0.793
-191.2,0.796
-192.0,0.8
-192.8,0.803
-193.6,0.806
-194.4,0.809
-195.2,0.812
-196.0,0.816
-196.8,0.819
-197.6,0.822
-198.4,0.825
-199.2,0.828
-200.0,0.832
-200.8,0.835
-201.6,0.838
-202.4,0.841
-203.2,0.844
-204.0,0.847
-204.8,0.851
-205.6,0.854
-206.4,0.857
-207.2,0.86
-208.0,0.863
-208.8,0.867
-209.6,0.87
-210.4,0.873
-211.2,0.876
-212.0,0.88
-212.8,0.883
-213.6,0.886
-214.4,0.889
-215.2,0.893
-216.0,0.896
-216.8,0.899
-217.6,0.902
-218.4,0.906
-219.2,0.909
-220.0,0.912
-220.8,0.915
-221.6,0.918
-222.4,0.922
-223.2,0.925
-224.0,0.928
-224.8,0.931
-225.6,0.935
-226.4,0.938
-227.2,0.941
-228.0,0.944
-228.8,0.948
-229.6,0.951
-230.4,0.954
-231.2,0.957
-232.0,0.961
-232.8,0.964
-233.6,0.967
-234.4,0.971
-235.2,0.974
-236.0,0.977
-236.8,0.98
-237.6,0.984
-238.4,0.987
-239.2,0.99
-240.0,0.993
-240.8,0.996
-241.6,1.0
-242.4,1.003
-243.2,1.006
-244.0,1.01
-244.8,1.013
-245.6,1.016
-246.4,1.019
-247.2,1.023
-248.0,1.026
-248.8,1.029
-249.6,1.033
-250.4,1.036
-251.2,1.039
-252.0,1.042
-252.8,1.045
-253.6,1.049
-254.4,1.052
-255.2,1.055
-256.0,1.058
-256.8,1.062
-257.6,1.065
-258.4,1.068
-259.2,1.071
-260.0,1.075
-260.8,1.078
-261.6,1.081
-262.4,1.084
-263.2,1.088
-264.0,1.091
-264.8,1.094
-265.6,1.097
-266.4,1.101
-267.2,1.104
-268.0,1.107
-268.8,1.11
-269.6,1.114
-270.4,1.117
-271.2,1.12
-272.0,1.123
-272.8,1.127
-273.6,1.13
-274.4,1.133
-275.2,1.136
-276.0,1.14
-276.8,1.143
-277.6,1.146
-278.4,1.149
-279.2,1.153
-280.0,1.156
-280.8,1.159
-281.6,1.162
-282.4,1.166
-283.2,1.169
-284.0,1.172
-284.8,1.175
-285.6,1.179
-286.4,1.182
-287.2,1.185
-288.0,1.188
-288.8,1.191
-289.6,1.195
-290.4,1.198
-291.2,1.201
-292.0,1.204
-292.8,1.208
-293.6,1.211
-294.4,1.214
-295.2,1.217
-296.0,1.22
-296.8,1.224
-297.6,1.227
-298.4,1.23
-299.2,1.233
-300.0,1.237
-300.8,1.24
-301.6,1.243
-302.4,1.246
-303.2,1.249
-304.0,1.253
-304.8,1.256
-305.6,1.259
-306.4,1.262
-307.2,1.266
-308.0,1.269
-308.8,1.272
-309.6,1.275
-310.4,1.278
-311.2,1.282
-312.0,1.285
-312.8,1.288
-313.6,1.291
-314.4,1.294
-315.2,1.297
-316.0,1.301
-316.8,1.304
-317.6,1.307
-318.4,1.31
-319.2,1.313
-320.0,1.316
-320.8,1.32
-321.6,1.323
-322.4,1.326
-323.2,1.329
-324.0,1.332
-324.8,1.335
-325.6,1.339
-326.4,1.342
-327.2,1.345
-328.0,1.348
-328.8,1.351
-329.6,1.354
-330.4,1.358
-331.2,1.361
-332.0,1.364
-332.8,1.367
-333.6,1.37
-334.4,1.373
-335.2,1.377
-336.0,1.38
-336.8,1.383
-337.6,1.386
-338.4,1.389
-339.2,1.392
-340.0,1.396
-340.8,1.399
-341.6,1.402
-342.4,1.405
-343.2,1.408
-344.0,1.411
-344.8,1.414
-345.6,1.418
-346.4,1.421
-347.2,1.424
-348.0,1.427
-348.8,1.43
-349.6,1.433
-350.4,1.436
-351.2,1.439
-352.0,1.443
-352.8,1.446
-353.6,1.449
-354.4,1.452
-355.2,1.455
-356.0,1.458
-356.8,1.462
-357.6,1.465
-358.4,1.468
-359.2,1.471
-360.0,1.474
-360.8,1.477
-361.6,1.48
-362.4,1.484
-363.2,1.487
-364.0,1.49
-364.8,1.493
-365.6,1.496
-366.4,1.499
-367.2,1.503
-368.0,1.506
-368.8,1.509
-369.6,1.512
-370.4,1.515
-371.2,1.518
-372.0,1.521
-372.8,1.524
-373.6,1.528
-374.4,1.531
-375.2,1.534
-376.0,1.537
-376.8,1.54
-377.6,1.543
-378.4,1.547
-379.2,1.55
-380.0,1.553
-380.8,1.556
-381.6,1.559
-382.4,1.562
-383.2,1.565
-384.0,1.569
-384.8,1.572
-385.6,1.575
-386.4,1.578
-387.2,1.581
-388.0,1.584
-388.8,1.587
-389.6,1.59
-390.4,1.594
-391.2,1.597
-392.0,1.6
-392.8,1.603
-393.6,1.606
-394.4,1.609
-395.2,1.612
-396.0,1.616
-396.8,1.619
-397.6,1.622
-398.4,1.625
-399.2,1.628
-400.0,1.631
-400.8,1.634
-401.6,1.637
-402.4,1.64
-403.2,1.644
-404.0,1.647
-404.8,1.65
-405.6,1.653
-406.4,1.656
-407.2,1.659
-408.0,1.662
-408.8,1.665
-409.6,1.669
-410.4,1.672
-411.2,1.675
-412.0,1.678
-412.8,1.681
-413.6,1.684
-414.4,1.687
-415.2,1.691
-416.0,1.694
-416.8,1.697
-417.6,1.7
-418.4,1.703
-419.2,1.706
-420.0,1.709
-420.8,1.712
-421.6,1.716
-422.4,1.719
-423.2,1.722
-424.0,1.725
-424.8,1.728
-425.6,1.731
-426.4,1.735
-427.2,1.738
-428.0,1.741
-428.8,1.744
-429.6,1.747
-430.4,1.75
-431.2,1.754
-432.0,1.757
-432.8,1.76
-433.6,1.763
-434.4,1.766
-435.2,1.769
-436.0,1.773
-436.8,1.776
-437.6,1.779
-438.4,1.782
-439.2,1.785
-440.0,1.788
-440.8,1.792
-441.6,1.795
-442.4,1.798
-443.2,1.801
-444.0,1.804
-444.8,1.807
-445.6,1.811
-446.4,1.814
-447.2,1.817
-448.0,1.82
-448.8,1.823
-449.6,1.826
-450.4,1.83
-451.2,1.833
-452.0,1.836
-452.8,1.839
-453.6,1.842
-454.4,1.845
-455.2,1.849
-456.0,1.852
-456.8,1.855
-457.6,1.858
-458.4,1.861
-459.2,1.864
-460.0,1.868
-460.8,1.871
-461.6,1.874
-462.4,1.877
-463.2,1.88
-464.0,1.883
-464.8,1.887
-465.6,1.89
-466.4,1.893
-467.2,1.896
-468.0,1.899
-468.8,1.902
-469.6,1.905
-470.4,1.908
-471.2,1.911
-472.0,1.915
-472.8,1.918
-473.6,1.921
-474.4,1.924
-475.2,1.927
-476.0,1.93
-476.8,1.934
-477.6,1.937
-478.4,1.94
-479.2,1.943
-480.0,1.946
-480.8,1.949
-481.6,1.952
-482.4,1.956
-483.2,1.959
-484.0,1.962
-484.8,1.965
-485.6,1.968
-486.4,1.971
-487.2,1.975
-488.0,1.978
-488.8,1.981
-489.6,1.984
-490.4,1.987
-491.2,1.99
-492.0,1.993
-492.8,1.997
-493.6,2.0
-494.4,2.003
-495.2,2.006
-496.0,2.009
-496.8,2.012
-497.6,2.015
-498.4,2.019
-499.2,2.022
-500.0,2.025
-500.8,2.028
-501.6,2.031
-502.4,2.034
-503.2,2.038
-504.0,2.041
-504.8,2.044
-505.6,2.047
-506.4,2.05
-507.2,2.053
-508.0,2.057
-508.8,2.06
-509.6,2.063
-510.4,2.066
-511.2,2.069
-512.0,2.073
-512.8,2.076
-513.6,2.079
-514.4,2.082
-515.2,2.085
-516.0,2.089
-516.8,2.092
-517.6,2.095
-518.4,2.098
-519.2,2.101
-520.0,2.105
-520.8,2.108
-521.6,2.111
-522.4,2.114
-523.2,2.117
-524.0,2.12
-524.8,2.124
-525.6,2.127
-526.4,2.13
-527.2,2.133
-528.0,2.136
-528.8,2.139
-529.6,2.143
-530.4,2.146
-531.2,2.149
-532.0,2.152
-532.8,2.155
-533.6,2.158
-534.4,2.162
-535.2,2.165
-536.0,2.168
-536.8,2.171
-537.6,2.174
-538.4,2.178
-539.2,2.181
-540.0,2.184
-540.8,2.187
-541.6,2.19
-542.4,2.194
-543.2,2.197
-544.0,2.2
-544.8,2.203
-545.6,2.206
-546.4,2.21
-547.2,2.213
-548.0,2.216
-548.8,2.219
-549.6,2.222
-550.4,2.225
-551.2,2.229
-552.0,2.232
-552.8,2.235
-553.6,2.238
-554.4,2.241
-555.2,2.244
-556.0,2.248
-556.8,2.251
-557.6,2.254
-558.4,2.257
-559.2,2.261
-560.0,2.264
-560.8,2.267
-561.6,2.27
-562.4,2.273
-563.2,2.276
-564.0,2.28
-564.8,2.283
-565.6,2.286
-566.4,2.289
-567.2,2.292
-568.0,2.296
-568.8,2.299
-569.6,2.302
-570.4,2.305
-571.2,2.308
-572.0,2.312
-572.8,2.315
-573.6,2.318
-574.4,2.321
-575.2,2.325
-576.0,2.328
-576.8,2.331
-577.6,2.334
-578.4,2.338
-579.2,2.341
-580.0,2.344
-580.8,2.347
-581.6,2.35
-582.4,2.354
-583.2,2.357
-584.0,2.36
-584.8,2.363
-585.6,2.367
-586.4,2.37
-587.2,2.373
-588.0,2.376
-588.8,2.38
-589.6,2.383
-590.4,2.386
-591.2,2.389
-592.0,2.393
-592.8,2.396
-593.6,2.399
-594.4,2.403
-595.2,2.406
-596.0,2.409
-596.8,2.412
-597.6,2.415
-598.4,2.419
-599.2,2.422
-600.0,2.425
-600.8,2.428
-601.6,2.432
-602.4,2.435
-603.2,2.438
-604.0,2.441
-604.8,2.445
-605.6,2.448
-606.4,2.451
-607.2,2.455
-608.0,2.458
-608.8,2.461
-609.6,2.464
-610.4,2.467
-611.2,2.471
-612.0,2.474
-612.8,2.477
-613.6,2.481
-614.4,2.484
-615.2,2.487
-616.0,2.49
-616.8,2.493
-617.6,2.497
-618.4,2.5
-619.2,2.503
-620.0,2.506
-620.8,2.51
-621.6,2.513
-622.4,2.516
-623.2,2.519
-624.0,2.523
-624.8,2.526
-625.6,2.529
-626.4,2.532
-627.2,2.535
-628.0,2.539
-628.8,2.542
-629.6,2.545
-630.4,2.549
-631.2,2.552
-632.0,2.555
-632.8,2.558
-633.6,2.562
-634.4,2.565
-635.2,2.568
-636.0,2.571
-636.8,2.574
-637.6,2.578
-638.4,2.581
-639.2,2.584
-640.0,2.587
-640.8,2.591
-641.6,2.594
-642.4,2.597
-643.2,2.6
-644.0,2.604
-644.8,2.607
-645.6,2.61
-646.4,2.613
-647.2,2.616
-648.0,2.62
-648.8,2.623
-649.6,2.626
-650.4,2.629
-651.2,2.632
-652.0,2.636
-652.8,2.639
-653.6,2.642
-654.4,2.645
-655.2,2.649
-656.0,2.652
-656.8,2.655
-657.6,2.658
-658.4,2.661
-659.2,2.665
-660.0,2.668
-660.8,2.671
-661.6,2.674
-662.4,2.678
-663.2,2.681
-664.0,2.684
-664.8,2.687
-665.6,2.69
-666.4,2.694
-667.2,2.697
-668.0,2.7
-668.8,2.703
-669.6,2.706
-670.4,2.71
-671.2,2.713
-672.0,2.716
-672.8,2.719
-673.6,2.722
-674.4,2.725
-675.2,2.729
-676.0,2.732
-676.8,2.735
-677.6,2.738
-678.4,2.741
-679.2,2.744
-680.0,2.747
-680.8,2.751
-681.6,2.754
-682.4,2.757
-683.2,2.76
-684.0,2.763
-684.8,2.766
-685.6,2.77
-686.4,2.773
-687.2,2.776
-688.0,2.779
-688.8,2.782
-689.6,2.785
-690.4,2.789
-691.2,2.792
-692.0,2.795
-692.8,2.798
-693.6,2.801
-694.4,2.804
-695.2,2.807
-696.0,2.811
-696.8,2.814
-697.6,2.817
-698.4,2.82
-699.2,2.823
-700.0,2.826
-700.8,2.83
-701.6,2.833
-702.4,2.836
-703.2,2.839
-704.0,2.842
-704.8,2.845
-705.6,2.848
-706.4,2.851
-707.2,2.855
-708.0,2.858
-708.8,2.861
-709.6,2.864
-710.4,2.867
-711.2,2.87
-712.0,2.873
-712.8,2.877
-713.6,2.88
-714.4,2.883
-715.2,2.886
-716.0,2.889
-716.8,2.892
-717.6,2.895
-718.4,2.898
-719.2,2.902
-720.0,2.905
-720.8,2.908
-721.6,2.911
-722.4,2.914
-723.2,2.917
-724.0,2.921
-724.8,2.924
-725.6,2.927
-726.4,2.93
-727.2,2.933
-728.0,2.936
-728.8,2.939
-729.6,2.943
-730.4,2.946
-731.2,2.949
-732.0,2.952
-732.8,2.955
-733.6,2.958
-734.4,2.961
-735.2,2.965
-736.0,2.968
-736.8,2.971
-737.6,2.974
-738.4,2.977
-739.2,2.98
-740.0,2.983
-740.8,2.987
-741.6,2.99
-742.4,2.993
-743.2,2.996
-744.0,2.999
-744.8,3.002
-745.6,3.005
-746.4,3.008
-747.2,3.012
-748.0,3.015
-748.8,3.018
-749.6,3.021
-750.4,3.024
-751.2,3.027
-752.0,3.03
-752.8,3.034
-753.6,3.037
-754.4,3.04
-755.2,3.043
-756.0,3.046
-756.8,3.049
-757.6,3.052
-758.4,3.056
-759.2,3.059
-760.0,3.062
-760.8,3.065
-761.6,3.068
-762.4,3.071
-763.2,3.074
-764.0,3.077
-764.8,3.08
-765.6,3.084
-766.4,3.087
-767.2,3.09
-768.0,3.093
-768.8,3.096
-769.6,3.099
-770.4,3.102
-771.2,3.105
-772.0,3.109
-772.8,3.112
-773.6,3.115
-774.4,3.118
-775.2,3.121
-776.0,3.124
-776.8,3.127
-777.6,3.13
-778.4,3.133
-779.2,3.137
-780.0,3.14
-780.8,3.143
-781.6,3.146
-782.4,3.149
-783.2,3.152
-784.0,3.156
-784.8,3.159
-785.6,3.162
-786.4,3.165
-787.2,3.168
-788.0,3.171
-788.8,3.175
-789.6,3.178
-790.4,3.181
-791.2,3.184
-792.0,3.187
-792.8,3.19
-793.6,3.193
-794.4,3.197
-795.2,3.2
-796.0,3.203
-796.8,3.206
-797.6,3.209
-798.4,3.212
-799.2,3.215
-800.0,3.218
-800.8,3.222
-801.6,3.225
-802.4,3.228
-803.2,3.231
-804.0,3.234
-804.8,3.237
-805.6,3.241
-806.4,3.244
-807.2,3.247
-808.0,3.25
-808.8,3.253
-809.6,3.257
-810.4,3.26
-811.2,3.263
-812.0,3.266
-812.8,3.269
-813.6,3.272
-814.4,3.275
-815.2,3.279
-816.0,3.282
-816.8,3.285
-817.6,3.288
-818.4,3.291
-819.2,3.294
-820.0,3.298
-820.8,3.301
-821.6,3.304
-822.4,3.307
-823.2,3.31
-824.0,3.313
-824.8,3.317
-825.6,3.32
-826.4,3.323
-827.2,3.326
-828.0,3.329
-828.8,3.332
-829.6,3.335
-830.4,3.338
-831.2,3.341
-832.0,3.345
-832.8,3.348
-833.6,3.351
-834.4,3.354
-835.2,3.357
-836.0,3.36
-836.8,3.363
-837.6,3.367
-838.4,3.37
-839.2,3.373
-840.0,3.376
-840.8,3.379
-841.6,3.382
-842.4,3.386
-843.2,3.389
-844.0,3.392
-844.8,3.395
-845.6,3.398
-846.4,3.401
-847.2,3.404
-848.0,3.408
-848.8,3.411
-849.6,3.414
-850.4,3.417
-851.2,3.42
-852.0,3.423
-852.8,3.426
-853.6,3.43
-854.4,3.433
-855.2,3.436
-856.0,3.439
-856.8,3.442
-857.6,3.445
-858.4,3.448
-859.2,3.452
-860.0,3.455
-860.8,3.458
-861.6,3.461
-862.4,3.464
-863.2,3.467
-864.0,3.471
-864.8,3.474
-865.6,3.477
-866.4,3.48
-867.2,3.483
-868.0,3.486
-868.8,3.49
-869.6,3.493
-870.4,3.496
-871.2,3.499
-872.0,3.502
-872.8,3.505
-873.6,3.509
-874.4,3.512
-875.2,3.515
-876.0,3.518
-876.8,3.521
-877.6,3.525
-878.4,3.528
-879.2,3.531
-880.0,3.534
-880.8,3.537
-881.6,3.54
-882.4,3.544
-883.2,3.547
-884.0,3.55
-884.8,3.553
-885.6,3.556
-886.4,3.56
-887.2,3.563
-888.0,3.566
-888.8,3.569
-889.6,3.572
-890.4,3.575
-891.2,3.579
-892.0,3.582
-892.8,3.585
-893.6,3.588
-894.4,3.591
-895.2,3.594
-896.0,3.598
-896.8,3.601
-897.6,3.604
-898.4,3.607
-899.2,3.61
-900.0,3.614
-900.8,3.617
-901.6,3.62
-902.4,3.623
-903.2,3.626
-904.0,3.63
-904.8,3.633
-905.6,3.636
-906.4,3.639
-907.2,3.642
-908.0,3.645
-908.8,3.649
-909.6,3.652
-910.4,3.655
-911.2,3.658
-912.0,3.661
-912.8,3.664
-913.6,3.668
-914.4,3.671
-915.2,3.674
-916.0,3.677
-916.8,3.681
-917.6,3.684
-918.4,3.687
-919.2,3.69
-920.0,3.693
-920.8,3.696
-921.6,3.7
-922.4,3.703
-923.2,3.706
-924.0,3.709
-924.8,3.712
-925.6,3.715
-926.4,3.719
-927.2,3.722
-928.0,3.725
-928.8,3.728
-929.6,3.731
-930.4,3.735
-931.2,3.738
-932.0,3.741
-932.8,3.744
-933.6,3.748
-934.4,3.751
-935.2,3.754
-936.0,3.757
-936.8,3.761
-937.6,3.764
-938.4,3.767
-939.2,3.77
-940.0,3.774
-940.8,3.777
-941.6,3.78
-942.4,3.783
-943.2,3.786
-944.0,3.79
-944.8,3.793
-945.6,3.796
-946.4,3.799
-947.2,3.803
-948.0,3.806
-948.8,3.809
-949.6,3.812
-950.4,3.816
-951.2,3.819
-952.0,3.822
-952.8,3.825
-953.6,3.829
-954.4,3.832
-955.2,3.835
-956.0,3.838
-956.8,3.842
-957.6,3.845
-958.4,3.848
-959.2,3.851
-960.0,3.855
-960.8,3.858
-961.6,3.861
-962.4,3.864
-963.2,3.868
-964.0,3.871
-964.8,3.874
-965.6,3.877
-966.4,3.881
-967.2,3.884
-968.0,3.887
-968.8,3.89
-969.6,3.894
-970.4,3.897
-971.2,3.9
-972.0,3.904
-972.8,3.907
-973.6,3.91
-974.4,3.913
-975.2,3.916
-976.0,3.92
-976.8,3.923
-977.6,3.926
-978.4,3.929
-979.2,3.932
-980.0,3.936
-980.8,3.939
-981.6,3.942
-982.4,3.945
-983.2,3.949
-984.0,3.952
-984.8,3.955
-985.6,3.958
-986.4,3.962
-987.2,3.965
-988.0,3.968
-988.8,3.971
-989.6,3.974
-990.4,3.978
-991.2,3.981
-992.0,3.984
-992.8,3.987
-993.6,3.991
-994.4,3.994
-995.2,3.997
-996.0,4.0
-996.8,4.004
-997.6,4.007
-998.4,4.01
-999.2,4.013
-1000.0,4.017
-1000.8,4.02
-1001.6,4.023
-1002.4,4.026
-1003.2,4.03
-1004.0,4.033
-1004.8,4.036
-1005.6,4.039
-1006.4,4.042
-1007.2,4.046
-1008.0,4.049
-1008.8,4.052
-1009.6,4.055
-1010.4,4.058
-1011.2,4.062
-1012.0,4.065
-1012.8,4.068
-1013.6,4.071
-1014.4,4.074
-1015.2,4.078
-1016.0,4.081
-1016.8,4.084
-1017.6,4.087
-1018.4,4.091
-1019.2,4.094
-1020.0,4.097
-1020.8,4.1
-1021.6,4.104
-1022.4,4.107
-1023.2,4.11
-1024.0,4.113
-1024.8,4.116
-1025.6,4.12
-1026.4,4.123
-1027.2,4.126
-1028.0,4.129
-1028.8,4.132
-1029.6,4.136
-1030.4,4.139
-1031.2,4.142
-1032.0,4.145
-1032.8,4.148
-1033.6,4.151
-1034.4,4.155
-1035.2,4.158
-1036.0,4.161
-1036.8,4.164
-1037.6,4.167
-1038.4,4.17
-1039.2,4.174
-1040.0,4.177
-1040.8,4.18
-1041.6,4.183
-1042.4,4.186
-1043.2,4.19
-1044.0,4.193
-1044.8,4.196
-1045.6,4.199
-1046.4,4.202
-1047.2,4.205
-1048.0,4.208
-1048.8,4.212
-1049.6,4.215
-1050.4,4.218
-1051.2,4.221
-1052.0,4.224
-1052.8,4.227
-1053.6,4.231
-1054.4,4.234
-1055.2,4.237
-1056.0,4.24
-1056.8,4.243
-1057.6,4.246
-1058.4,4.249
-1059.2,4.253
-1060.0,4.256
-1060.8,4.259
-1061.6,4.262
-1062.4,4.265
-1063.2,4.268
-1064.0,4.271
-1064.8,4.275
-1065.6,4.278
-1066.4,4.281
-1067.2,4.284
-1068.0,4.287
-1068.8,4.29
-1069.6,4.294
-1070.4,4.297
-1071.2,4.3
-1072.0,4.303
-1072.8,4.306
-1073.6,4.309
-1074.4,4.312
-1075.2,4.315
-1076.0,4.319
-1076.8,4.322
-1077.6,4.325
-1078.4,4.328
-1079.2,4.331
-1080.0,4.334
-1080.8,4.337
-1081.6,4.341
-1082.4,4.344
-1083.2,4.347
-1084.0,4.35
-1084.8,4.353
-1085.6,4.356
-1086.4,4.36
-1087.2,4.363
-1088.0,4.366
-1088.8,4.369
-1089.6,4.372
-1090.4,4.375
-1091.2,4.378
-1092.0,4.382
-1092.8,4.385
-1093.6,4.388
-1094.4,4.391
-1095.2,4.394
-1096.0,4.397
-1096.8,4.4
-1097.6,4.404
-1098.4,4.407
-1099.2,4.41
-1100.0,4.413
-1100.8,4.416
-1101.6,4.419
-1102.4,4.422
-1103.2,4.426
-1104.0,4.429
-1104.8,4.432
-1105.6,4.435
-1106.4,4.438
-1107.2,4.441
-1108.0,4.444
-1108.8,4.447
-1109.6,4.451
-1110.4,4.454
-1111.2,4.457
-1112.0,4.46
-1112.8,4.463
-1113.6,4.466
-1114.4,4.469
-1115.2,4.473
-1116.0,4.476
-1116.8,4.479
-1117.6,4.482
-1118.4,4.485
-1119.2,4.488
-1120.0,4.492
-1120.8,4.495
-1121.6,4.498
-1122.4,4.501
-1123.2,4.504
-1124.0,4.507
-1124.8,4.51
-1125.6,4.513
-1126.4,4.516
-1127.2,4.52
-1128.0,4.523
-1128.8,4.526
-1129.6,4.529
-1130.4,4.532
-1131.2,4.535
-1132.0,4.538
-1132.8,4.541
-1133.6,4.545
-1134.4,4.548
-1135.2,4.551
-1136.0,4.554
-1136.8,4.557
-1137.6,4.56
-1138.4,4.563
-1139.2,4.567
-1140.0,4.57
-1140.8,4.573
-1141.6,4.576
-1142.4,4.579
-1143.2,4.582
-1144.0,4.585
-1144.8,4.589
-1145.6,4.592
-1146.4,4.595
-1147.2,4.598
-1148.0,4.601
-1148.8,4.604
-1149.6,4.607
-1150.4,4.611
-1151.2,4.614
-1152.0,4.617
-1152.8,4.62
-1153.6,4.623
-1154.4,4.626
-1155.2,4.629
-1156.0,4.633
-1156.8,4.636
-1157.6,4.639
-1158.4,4.642
-1159.2,4.645
-1160.0,4.648
-1160.8,4.652
-1161.6,4.655
-1162.4,4.658
-1163.2,4.661
-1164.0,4.664
-1164.8,4.667
-1165.6,4.671
-1166.4,4.674
-1167.2,4.677
-1168.0,4.68
-1168.8,4.683
-1169.6,4.686
-1170.4,4.69
-1171.2,4.693
-1172.0,4.696
-1172.8,4.699
-1173.6,4.702
-1174.4,4.705
-1175.2,4.709
-1176.0,4.712
-1176.8,4.715
-1177.6,4.718
-1178.4,4.721
-1179.2,4.724
-1180.0,4.728
-1180.8,4.731
-1181.6,4.734
-1182.4,4.737
-1183.2,4.74
-1184.0,4.743
-1184.8,4.747
-1185.6,4.75
-1186.4,4.753
-1187.2,4.756
-1188.0,4.759
-1188.8,4.762
-1189.6,4.765
-1190.4,4.768
-1191.2,4.771
-1192.0,4.775
-1192.8,4.778
-1193.6,4.781
-1194.4,4.784
-1195.2,4.787
-1196.0,4.79
-1196.8,4.793
-1197.6,4.797
-1198.4,4.8
-1199.2,4.803
-1200.0,4.806
-1200.8,4.809
-1201.6,4.812
-1202.4,4.816
-1203.2,4.819
-1204.0,4.822
-1204.8,4.825
-1205.6,4.828
-1206.4,4.831
-1207.2,4.835
-1208.0,4.838
-1208.8,4.841
-1209.6,4.844
-1210.4,4.847
-1211.2,4.85
-1212.0,4.853
-1212.8,4.856
-1213.6,4.86
-1214.4,4.863
-1215.2,4.866
-1216.0,4.869
-1216.8,4.872
-1217.6,4.875
-1218.4,4.878
-1219.2,4.882
-1220.0,4.885
-1220.8,4.888
-1221.6,4.891
-1222.4,4.894
-1223.2,4.898
-1224.0,4.901
-1224.8,4.904
-1225.6,4.907
-1226.4,4.91
-1227.2,4.913
-1228.0,4.917
-1228.8,4.92
-1229.6,4.923
-1230.4,4.926
-1231.2,4.929
-1232.0,4.932
-1232.8,4.936
-1233.6,4.939
-1234.4,4.942
-1235.2,4.945
-1236.0,4.948
-1236.8,4.952
-1237.6,4.955
-1238.4,4.958
-1239.2,4.961
-1240.0,4.964
-1240.8,4.968
-1241.6,4.971
-1242.4,4.974
-1243.2,4.977
-1244.0,4.98
-1244.8,4.984
-1245.6,4.987
-1246.4,4.99
-1247.2,4.993
-1248.0,4.996
-1248.8,4.999
-1249.6,5.003
-1250.4,5.006
-1251.2,5.009
-1252.0,5.012
-1252.8,5.015
-1253.6,5.018
-1254.4,5.022
-1255.2,5.025
-1256.0,5.028
-1256.8,5.031
-1257.6,5.034
-1258.4,5.038
-1259.2,5.041
-1260.0,5.044
-1260.8,5.047
-1261.6,5.05
-1262.4,5.054
-1263.2,5.057
-1264.0,5.06
-1264.8,5.063
-1265.6,5.066
-1266.4,5.07
-1267.2,5.073
-1268.0,5.076
-1268.8,5.079
-1269.6,5.082
-1270.4,5.085
-1271.2,5.089
-1272.0,5.092
-1272.8,5.095
-1273.6,5.098
-1274.4,5.102
-1275.2,5.105
-1276.0,5.108
-1276.8,5.111
-1277.6,5.114
-1278.4,5.118
-1279.2,5.121
-1280.0,5.124
-1280.8,5.127
-1281.6,5.13
-1282.4,5.133
-1283.2,5.137
-1284.0,5.14
-1284.8,5.143
-1285.6,5.146
-1286.4,5.149
-1287.2,5.152
-1288.0,5.156
-1288.8,5.159
-1289.6,5.162
-1290.4,5.165
-1291.2,5.169
-1292.0,5.172
-1292.8,5.175
-1293.6,5.178
-1294.4,5.182
-1295.2,5.185
-1296.0,5.188
-1296.8,5.191
-1297.6,5.195
-1298.4,5.198
-1299.2,5.201
-1300.0,5.204
-1300.8,5.207
-1301.6,5.211
-1302.4,5.214
-1303.2,5.217
-1304.0,5.22
-1304.8,5.224
-1305.6,5.227
-1306.4,5.23
-1307.2,5.233
-1308.0,5.237
-1308.8,5.24
-1309.6,5.243
-1310.4,5.246
-1311.2,5.25
-1312.0,5.253
-1312.8,5.256
-1313.6,5.259
-1314.4,5.263
-1315.2,5.266
-1316.0,5.269
-1316.8,5.273
-1317.6,5.276
-1318.4,5.279
-1319.2,5.282
-1320.0,5.285
-1320.8,5.289
-1321.6,5.292
-1322.4,5.295
-1323.2,5.298
-1324.0,5.302
-1324.8,5.305
-1325.6,5.308
-1326.4,5.312
-1327.2,5.315
-1328.0,5.318
-1328.8,5.321
-1329.6,5.325
-1330.4,5.328
-1331.2,5.331
-1332.0,5.334
-1332.8,5.338
-1333.6,5.341
-1334.4,5.344
-1335.2,5.347
-1336.0,5.351
-1336.8,5.354
-1337.6,5.357
-1338.4,5.36
-1339.2,5.363
-1340.0,5.367
-1340.8,5.37
-1341.6,5.373
-1342.4,5.376
-1343.2,5.38
-1344.0,5.383
-1344.8,5.386
-1345.6,5.389
-1346.4,5.393
-1347.2,5.396
-1348.0,5.399
-1348.8,5.402
-1349.6,5.406
-1350.4,5.409
-1351.2,5.412
-1352.0,5.415
-1352.8,5.419
-1353.6,5.422
-1354.4,5.425
-1355.2,5.428
-1356.0,5.432
-1356.8,5.435
-1357.6,5.438
-1358.4,5.441
-1359.2,5.445
-1360.0,5.448
-1360.8,5.451
-1361.6,5.454
-1362.4,5.458
-1363.2,5.461
-1364.0,5.464
-1364.8,5.467
-1365.6,5.47
-1366.4,5.474
-1367.2,5.477
-1368.0,5.48
-1368.8,5.483
-1369.6,5.487
-1370.4,5.49
-1371.2,5.493
-1372.0,5.496
-1372.8,5.499
-1373.6,5.502
-1374.4,5.506
-1375.2,5.509
-1376.0,5.512
-1376.8,5.515
-1377.6,5.519
-1378.4,5.522
-1379.2,5.525
-1380.0,5.528
-1380.8,5.531
-1381.6,5.535
-1382.4,5.538
-1383.2,5.541
-1384.0,5.544
-1384.8,5.548
-1385.6,5.551
-1386.4,5.554
-1387.2,5.557
-1388.0,5.56
-1388.8,5.564
-1389.6,5.567
-1390.4,5.57
-1391.2,5.573
-1392.0,5.576
-1392.8,5.579
-1393.6,5.583
-1394.4,5.586
-1395.2,5.589
-1396.0,5.592
-1396.8,5.595
-1397.6,5.598
-1398.4,5.602
-1399.2,5.605
-1400.0,5.608
-1400.8,5.611
-1401.6,5.614
-1402.4,5.617
-1403.2,5.621
-1404.0,5.624
-1404.8,5.627
-1405.6,5.63
-1406.4,5.633
-1407.2,5.636
-1408.0,5.64
-1408.8,5.643
-1409.6,5.646
-1410.4,5.649
-1411.2,5.652
-1412.0,5.655
-1412.8,5.659
-1413.6,5.662
-1414.4,5.665
-1415.2,5.668
-1416.0,5.671
-1416.8,5.674
-1417.6,5.678
-1418.4,5.681
-1419.2,5.684
-1420.0,5.687
-1420.8,5.69
-1421.6,5.693
-1422.4,5.697
-1423.2,5.7
-1424.0,5.703
-1424.8,5.706
-1425.6,5.709
-1426.4,5.712
-1427.2,5.715
-1428.0,5.719
-1428.8,5.722
-1429.6,5.725
-1430.4,5.728
-1431.2,5.731
-1432.0,5.734
-1432.8,5.737
-1433.6,5.74
-1434.4,5.744
-1435.2,5.747
-1436.0,5.75
-1436.8,5.753
-1437.6,5.756
-1438.4,5.759
-1439.2,5.762
-1440.0,5.766
-1440.8,5.769
-1441.6,5.772
-1442.4,5.775
-1443.2,5.778
-1444.0,5.781
-1444.8,5.785
-1445.6,5.788
-1446.4,5.791
-1447.2,5.794
-1448.0,5.797
-1448.8,5.8
-1449.6,5.803
-1450.4,5.807
-1451.2,5.81
-1452.0,5.813
-1452.8,5.816
-1453.6,5.819
-1454.4,5.822
-1455.2,5.825
-1456.0,5.829
-1456.8,5.832
-1457.6,5.835
-1458.4,5.838
-1459.2,5.841
-1460.0,5.844
-1460.8,5.848
-1461.6,5.851
-1462.4,5.854
-1463.2,5.857
-1464.0,5.86
-1464.8,5.863
-1465.6,5.866
-1466.4,5.869
-1467.2,5.872
-1468.0,5.876
-1468.8,5.879
-1469.6,5.882
-1470.4,5.885
-1471.2,5.888
-1472.0,5.891
-1472.8,5.895
-1473.6,5.898
-1474.4,5.901
-1475.2,5.904
-1476.0,5.907
-1476.8,5.91
-1477.6,5.914
-1478.4,5.917
-1479.2,5.92
-1480.0,5.923
-1480.8,5.926
-1481.6,5.929
-1482.4,5.932
-1483.2,5.935
-1484.0,5.938
-1484.8,5.942
-1485.6,5.945
-1486.4,5.948
-1487.2,5.951
-1488.0,5.954
-1488.8,5.957
-1489.6,5.96
-1490.4,5.963
-1491.2,5.967
-1492.0,5.97
-1492.8,5.973
-1493.6,5.976
-1494.4,5.979
-1495.2,5.982
-1496.0,5.985
-1496.8,5.989
-1497.6,5.992
-1498.4,5.995
-1499.2,5.998
-1500.0,6.001
-1500.8,6.004
-1501.6,6.007
-1502.4,6.011
-1503.2,6.014
-1504.0,6.017
-1504.8,6.02
-1505.6,6.023
-1506.4,6.026
-1507.2,6.03
-1508.0,6.033
-1508.8,6.036
-1509.6,6.039
-1510.4,6.042
-1511.2,6.045
-1512.0,6.049
-1512.8,6.052
-1513.6,6.055
-1514.4,6.058
-1515.2,6.061
-1516.0,6.064
-1516.8,6.067
-1517.6,6.071
-1518.4,6.074
-1519.2,6.077
-1520.0,6.08
-1520.8,6.083
-1521.6,6.086
-1522.4,6.089
-1523.2,6.093
-1524.0,6.096
-1524.8,6.099
-1525.6,6.102
-1526.4,6.105
-1527.2,6.108
-1528.0,6.112
-1528.8,6.115
-1529.6,6.118
-1530.4,6.121
-1531.2,6.124
-1532.0,6.128
-1532.8,6.131
-1533.6,6.134
-1534.4,6.137
-1535.2,6.14
-1536.0,6.143
-1536.8,6.146
-1537.6,6.15
-1538.4,6.153
-1539.2,6.156
-1540.0,6.159
-1540.8,6.162
-1541.6,6.165
-1542.4,6.169
-1543.2,6.172
-1544.0,6.175
-1544.8,6.178
-1545.6,6.181
-1546.4,6.184
-1547.2,6.188
-1548.0,6.191
-1548.8,6.194
-1549.6,6.197
-1550.4,6.2
-1551.2,6.203
-1552.0,6.206
-1552.8,6.209
-1553.6,6.212
-1554.4,6.216
-1555.2,6.219
-1556.0,6.222
-1556.8,6.225
-1557.6,6.228
-1558.4,6.231
-1559.2,6.235
-1560.0,6.238
-1560.8,6.241
-1561.6,6.244
-1562.4,6.247
-1563.2,6.25
-1564.0,6.254
-1564.8,6.257
-1565.6,6.26
-1566.4,6.263
-1567.2,6.266
-1568.0,6.269
-1568.8,6.273
-1569.6,6.276
-1570.4,6.279
-1571.2,6.282
-1572.0,6.285
-1572.8,6.288
-1573.6,6.291
-1574.4,6.294
-1575.2,6.298
-1576.0,6.301
-1576.8,6.304
-1577.6,6.307
-1578.4,6.31
-1579.2,6.313
-1580.0,6.316
-1580.8,6.32
-1581.6,6.323
-1582.4,6.326
-1583.2,6.329
-1584.0,6.332
-1584.8,6.335
-1585.6,6.339
-1586.4,6.342
-1587.2,6.345
-1588.0,6.348
-1588.8,6.351
-1589.6,6.354
-1590.4,6.358
-1591.2,6.361
-1592.0,6.364
-1592.8,6.367
-1593.6,6.37
-1594.4,6.373
-1595.2,6.377
-1596.0,6.38
-1596.8,6.383
-1597.6,6.386
-1598.4,6.39
-1599.2,6.393
-1600.0,6.396
-1600.8,6.399
-1601.6,6.402
-1602.4,6.406
-1603.2,6.409
-1604.0,6.412
-1604.8,6.415
-1605.6,6.418
-1606.4,6.421
-1607.2,6.425
-1608.0,6.428
-1608.8,6.431
-1609.6,6.434
-1610.4,6.437
-1611.2,6.44
-1612.0,6.444
-1612.8,6.447
-1613.6,6.45
-1614.4,6.453
-1615.2,6.456
-1616.0,6.46
-1616.8,6.463
-1617.6,6.466
-1618.4,6.469
-1619.2,6.472
-1620.0,6.476
-1620.8,6.479
-1621.6,6.482
-1622.4,6.485
-1623.2,6.488
-1624.0,6.492
-1624.8,6.495
-1625.6,6.498
-1626.4,6.501
-1627.2,6.504
-1628.0,6.507
-1628.8,6.511
-1629.6,6.514
-1630.4,6.517
-1631.2,6.52
-1632.0,6.524
-1632.8,6.527
-1633.6,6.53
-1634.4,6.533
-1635.2,6.536
-1636.0,6.54
-1636.8,6.543
-1637.6,6.546
-1638.4,6.549
-1639.2,6.552
-1640.0,6.555
-1640.8,6.559
-1641.6,6.562
-1642.4,6.565
-1643.2,6.568
-1644.0,6.571
-1644.8,6.575
-1645.6,6.578
-1646.4,6.581
-1647.2,6.584
-1648.0,6.587
-1648.8,6.591
-1649.6,6.594
-1650.4,6.597
-1651.2,6.6
-1652.0,6.603
-1652.8,6.607
-1653.6,6.61
-1654.4,6.613
-1655.2,6.617
-1656.0,6.62
-1656.8,6.623
-1657.6,6.626
-1658.4,6.629
-1659.2,6.633
-1660.0,6.636
-1660.8,6.639
-1661.6,6.642
-1662.4,6.646
-1663.2,6.649
-1664.0,6.652
-1664.8,6.655
-1665.6,6.659
-1666.4,6.662
-1667.2,6.665
-1668.0,6.668
-1668.8,6.671
-1669.6,6.675
-1670.4,6.678
-1671.2,6.681
-1672.0,6.685
-1672.8,6.688
-1673.6,6.691
-1674.4,6.694
-1675.2,6.698
-1676.0,6.701
-1676.8,6.704
-1677.6,6.707
-1678.4,6.711
-1679.2,6.714
-1680.0,6.717
-1680.8,6.72
-1681.6,6.724
-1682.4,6.727
-1683.2,6.73
-1684.0,6.733
-1684.8,6.737
-1685.6,6.74
-1686.4,6.743
-1687.2,6.746
-1688.0,6.75
-1688.8,6.753
-1689.6,6.756
-1690.4,6.759
-1691.2,6.763
-1692.0,6.766
-1692.8,6.769
-1693.6,6.773
-1694.4,6.776
-1695.2,6.779
-1696.0,6.782
-1696.8,6.785
-1697.6,6.789
-1698.4,6.792
-1699.2,6.795
-1700.0,6.798
-1700.8,6.802
-1701.6,6.805
-1702.4,6.808
-1703.2,6.811
-1704.0,6.815
-1704.8,6.818
-1705.6,6.821
-1706.4,6.824
-1707.2,6.828
-1708.0,6.831
-1708.8,6.834
-1709.6,6.837
-1710.4,6.841
-1711.2,6.844
-1712.0,6.847
-1712.8,6.85
-1713.6,6.854
-1714.4,6.857
-1715.2,6.86
-1716.0,6.863
-1716.8,6.867
-1717.6,6.87
-1718.4,6.873
-1719.2,6.876
-1720.0,6.88
-1720.8,6.883
-1721.6,6.886
-1722.4,6.889
-1723.2,6.893
-1724.0,6.896
-1724.8,6.899
-1725.6,6.902
-1726.4,6.905
-1727.2,6.909
-1728.0,6.912
-1728.8,6.915
-1729.6,6.918
-1730.4,6.922
-1731.2,6.925
-1732.0,6.928
-1732.8,6.931
-1733.6,6.934
-1734.4,6.938
-1735.2,6.941
-1736.0,6.944
-1736.8,6.947
-1737.6,6.95
-1738.4,6.954
-1739.2,6.957
-1740.0,6.96
-1740.8,6.963
-1741.6,6.967
-1742.4,6.97
-1743.2,6.973
-1744.0,6.976
-1744.8,6.979
-1745.6,6.983
-1746.4,6.986
-1747.2,6.989
-1748.0,6.992
-1748.8,6.995
-1749.6,6.999
-1750.4,7.002
-1751.2,7.005
-1752.0,7.008
-1752.8,7.011
-1753.6,7.014
-1754.4,7.018
-1755.2,7.021
-1756.0,7.024
-1756.8,7.027
-1757.6,7.03
-1758.4,7.033
-1759.2,7.037
-1760.0,7.04
-1760.8,7.043
-1761.6,7.046
-1762.4,7.049
-1763.2,7.053
-1764.0,7.056
-1764.8,7.059
-1765.6,7.062
-1766.4,7.065
-1767.2,7.068
-1768.0,7.072
-1768.8,7.075
-1769.6,7.078
-1770.4,7.081
-1771.2,7.084
-1772.0,7.087
-1772.8,7.09
-1773.6,7.094
-1774.4,7.097
-1775.2,7.1
-1776.0,7.103
-1776.8,7.106
-1777.6,7.109
-1778.4,7.113
-1779.2,7.116
-1780.0,7.119
-1780.8,7.122
-1781.6,7.125
-1782.4,7.128
-1783.2,7.131
-1784.0,7.135
-1784.8,7.138
-1785.6,7.141
-1786.4,7.144
-1787.2,7.147
-1788.0,7.15
-1788.8,7.153
-1789.6,7.157
-1790.4,7.16
-1791.2,7.163
-1792.0,7.166
-1792.8,7.169
-1793.6,7.172
-1794.4,7.175
-1795.2,7.179
-1796.0,7.182
-1796.8,7.185
-1797.6,7.188
-1798.4,7.191
-1799.2,7.194
-1800.0,7.197
-1800.8,7.2
-1801.6,7.204
-1802.4,7.207
-1803.2,7.21
-1804.0,7.213
-1804.8,7.216
-1805.6,7.219
-1806.4,7.223
-1807.2,7.226
-1808.0,7.229
-1808.8,7.232
-1809.6,7.235
-1810.4,7.238
-1811.2,7.241
-1812.0,7.245
-1812.8,7.248
-1813.6,7.251
-1814.4,7.254
-1815.2,7.257
-1816.0,7.26
-1816.8,7.264
-1817.6,7.267
-1818.4,7.27
-1819.2,7.273
-1820.0,7.276
-1820.8,7.279
-1821.6,7.282
-1822.4,7.285
-1823.2,7.289
-1824.0,7.292
-1824.8,7.295
-1825.6,7.298
-1826.4,7.301
-1827.2,7.304
-1828.0,7.307
-1828.8,7.311
-1829.6,7.314
-1830.4,7.317
-1831.2,7.32
-1832.0,7.323
-1832.8,7.326
-1833.6,7.33
-1834.4,7.333
-1835.2,7.336
-1836.0,7.339
-1836.8,7.342
-1837.6,7.345
-1838.4,7.348
-1839.2,7.351
-1840.0,7.355
-1840.8,7.358
-1841.6,7.361
-1842.4,7.364
-1843.2,7.367
-1844.0,7.37
-1844.8,7.373
-1845.6,7.376
-1846.4,7.379
-1847.2,7.383
-1848.0,7.386
-1848.8,7.389
-1849.6,7.392
-1850.4,7.395
-1851.2,7.398
-1852.0,7.401
-1852.8,7.405
-1853.6,7.408
-1854.4,7.411
-1855.2,7.414
-1856.0,7.417
-1856.8,7.42
-1857.6,7.423
-1858.4,7.426
-1859.2,7.43
-1860.0,7.433
-1860.8,7.436
-1861.6,7.439
-1862.4,7.442
-1863.2,7.445
-1864.0,7.449
-1864.8,7.452
-1865.6,7.455
-1866.4,7.458
-1867.2,7.461
-1868.0,7.464
-1868.8,7.468
-1869.6,7.471
-1870.4,7.474
-1871.2,7.477
-1872.0,7.48
-1872.8,7.483
-1873.6,7.486
-1874.4,7.49
-1875.2,7.493
-1876.0,7.496
-1876.8,7.499
-1877.6,7.502
-1878.4,7.505
-1879.2,7.508
-1880.0,7.511
-1880.8,7.515
-1881.6,7.518
-1882.4,7.521
-1883.2,7.524
-1884.0,7.527
-1884.8,7.53
-1885.6,7.534
-1886.4,7.537
-1887.2,7.54
-1888.0,7.543
-1888.8,7.546
-1889.6,7.55
-1890.4,7.553
-1891.2,7.556
-1892.0,7.559
-1892.8,7.562
-1893.6,7.565
-1894.4,7.568
-1895.2,7.572
-1896.0,7.575
-1896.8,7.578
-1897.6,7.581
-1898.4,7.584
-1899.2,7.587
-1900.0,7.591
-1900.8,7.594
-1901.6,7.597
-1902.4,7.6
-1903.2,7.603
-1904.0,7.606
-1904.8,7.61
-1905.6,7.613
-1906.4,7.616
-1907.2,7.619
-1908.0,7.622
-1908.8,7.625
-1909.6,7.628
-1910.4,7.631
-1911.2,7.634
-1912.0,7.638
-1912.8,7.641
-1913.6,7.644
-1914.4,7.647
-1915.2,7.65
-1916.0,7.653
-1916.8,7.656
-1917.6,7.66
-1918.4,7.663
-1919.2,7.666
-1920.0,7.669
-1920.8,7.672
-1921.6,7.675
-1922.4,7.679
-1923.2,7.682
-1924.0,7.685
-1924.8,7.688
-1925.6,7.691
-1926.4,7.694
-1927.2,7.698
-1928.0,7.701
-1928.8,7.704
-1929.6,7.707
-1930.4,7.71
-1931.2,7.713
-1932.0,7.716
-1932.8,7.719
-1933.6,7.723
-1934.4,7.726
-1935.2,7.729
-1936.0,7.732
-1936.8,7.735
-1937.6,7.738
-1938.4,7.741
-1939.2,7.745
-1940.0,7.748
-1940.8,7.751
-1941.6,7.754
-1942.4,7.757
-1943.2,7.76
-1944.0,7.764
-1944.8,7.767
-1945.6,7.77
-1946.4,7.773
-1947.2,7.776
-1948.0,7.779
-1948.8,7.783
-1949.6,7.786
-1950.4,7.789
-1951.2,7.792
-1952.0,7.795
-1952.8,7.798
-1953.6,7.802
-1954.4,7.805
-1955.2,7.808
-1956.0,7.811
-1956.8,7.814
-1957.6,7.818
-1958.4,7.821
-1959.2,7.824
-1960.0,7.827
-1960.8,7.83
-1961.6,7.833
-1962.4,7.837
-1963.2,7.84
-1964.0,7.843
-1964.8,7.846
-1965.6,7.849
-1966.4,7.853
-1967.2,7.856
-1968.0,7.859
-1968.8,7.862
-1969.6,7.865
-1970.4,7.868
-1971.2,7.871
-1972.0,7.875
-1972.8,7.878
-1973.6,7.881
-1974.4,7.884
-1975.2,7.887
-1976.0,7.891
-1976.8,7.894
-1977.6,7.897
-1978.4,7.9
-1979.2,7.903
-1980.0,7.907
-1980.8,7.91
-1981.6,7.913
-1982.4,7.916
-1983.2,7.919
-1984.0,7.922
-1984.8,7.926
-1985.6,7.929
-1986.4,7.932
-1987.2,7.935
-1988.0,7.938
-1988.8,7.942
-1989.6,7.945
-1990.4,7.948
-1991.2,7.951
-1992.0,7.954
-1992.8,7.957
-1993.6,7.961
-1994.4,7.964
-1995.2,7.967
-1996.0,7.97
-1996.8,7.973
-1997.6,7.977
-1998.4,7.98
-1999.2,7.983
-2000.0,7.986
-2000.8,7.989
-2001.6,7.993
-2002.4,7.996
-2003.2,7.999
-2004.0,8.002
-2004.8,8.005
-2005.6,8.008
-2006.4,8.012
-2007.2,8.015
-2008.0,8.018
-2008.8,8.021
-2009.6,8.024
-2010.4,8.028
-2011.2,8.031
-2012.0,8.034
-2012.8,8.037
-2013.6,8.041
-2014.4,8.044
-2015.2,8.047
-2016.0,8.05
-2016.8,8.053
-2017.6,8.057
-2018.4,8.06
-2019.2,8.063
-2020.0,8.066
-2020.8,8.07
-2021.6,8.073
-2022.4,8.076
-2023.2,8.079
-2024.0,8.082
-2024.8,8.086
-2025.6,8.089
-2026.4,8.092
-2027.2,8.096
-2028.0,8.099
-2028.8,8.102
-2029.6,8.105
-2030.4,8.109
-2031.2,8.112
-2032.0,8.115
-2032.8,8.118
-2033.6,8.121
-2034.4,8.125
-2035.2,8.128
-2036.0,8.131
-2036.8,8.135
-2037.6,8.138
-2038.4,8.141
-2039.2,8.144
-2040.0,8.147
-2040.8,8.151
-2041.6,8.154
-2042.4,8.157
-2043.2,8.16
-2044.0,8.164
-2044.8,8.167
-2045.6,8.17
-2046.4,8.174
-2047.2,8.177
-2048.0,8.18
-2048.8,8.183
-2049.6,8.187
-2050.4,8.19
-2051.2,8.193
-2052.0,8.196
-2052.8,8.199
-2053.6,8.203
-2054.4,8.206
-2055.2,8.209
-2056.0,8.212
-2056.8,8.216
-2057.6,8.219
-2058.4,8.222
-2059.2,8.225
-2060.0,8.228
-2060.8,8.232
-2061.6,8.235
-2062.4,8.238
-2063.2,8.242
-2064.0,8.245
-2064.8,8.248
-2065.6,8.251
-2066.4,8.255
-2067.2,8.258
-2068.0,8.261
-2068.8,8.264
-2069.6,8.267
-2070.4,8.271
-2071.2,8.274
-2072.0,8.277
-2072.8,8.28
-2073.6,8.284
-2074.4,8.287
-2075.2,8.29
-2076.0,8.293
-2076.8,8.297
-2077.6,8.3
-2078.4,8.303
-2079.2,8.306
-2080.0,8.31
-2080.8,8.313
-2081.6,8.316
-2082.4,8.319
-2083.2,8.323
-2084.0,8.326
-2084.8,8.329
-2085.6,8.332
-2086.4,8.335
-2087.2,8.339
-2088.0,8.342
-2088.8,8.345
-2089.6,8.348
-2090.4,8.352
-2091.2,8.355
-2092.0,8.358
-2092.8,8.361
-2093.6,8.364
-2094.4,8.368
-2095.2,8.371
-2096.0,8.374
-2096.8,8.377
-2097.6,8.38
-2098.4,8.384
-2099.2,8.387
-2100.0,8.39
-2100.8,8.393
-2101.6,8.397
-2102.4,8.4
-2103.2,8.403
-2104.0,8.406
-2104.8,8.409
-2105.6,8.413
-2106.4,8.416
-2107.2,8.419
-2108.0,8.422
-2108.8,8.425
-2109.6,8.429
-2110.4,8.432
-2111.2,8.435
-2112.0,8.438
-2112.8,8.441
-2113.6,8.445
-2114.4,8.448
-2115.2,8.451
-2116.0,8.454
-2116.8,8.457
-2117.6,8.46
-2118.4,8.463
-2119.2,8.467
-2120.0,8.47
-2120.8,8.473
-2121.6,8.476
-2122.4,8.479
-2123.2,8.482
-2124.0,8.486
-2124.8,8.489
-2125.6,8.492
-2126.4,8.495
-2127.2,8.498
-2128.0,8.501
-2128.8,8.505
-2129.6,8.508
-2130.4,8.511
-2131.2,8.514
-2132.0,8.517
-2132.8,8.52
-2133.6,8.523
-2134.4,8.527
-2135.2,8.53
-2136.0,8.533
-2136.8,8.536
-2137.6,8.539
-2138.4,8.542
-2139.2,8.546
-2140.0,8.549
-2140.8,8.552
-2141.6,8.555
-2142.4,8.558
-2143.2,8.561
-2144.0,8.564
-2144.8,8.568
-2145.6,8.571
-2146.4,8.574
-2147.2,8.577
-2148.0,8.58
-2148.8,8.583
-2149.6,8.587
-2150.4,8.59
-2151.2,8.593
-2152.0,8.596
-2152.8,8.599
-2153.6,8.602
-2154.4,8.605
-2155.2,8.608
-2156.0,8.611
-2156.8,8.615
-2157.6,8.618
-2158.4,8.621
-2159.2,8.624
-2160.0,8.627
-2160.8,8.63
-2161.6,8.634
-2162.4,8.637
-2163.2,8.64
-2164.0,8.643
-2164.8,8.646
-2165.6,8.649
-2166.4,8.652
-2167.2,8.656
-2168.0,8.659
-2168.8,8.662
-2169.6,8.665
-2170.4,8.668
-2171.2,8.671
-2172.0,8.674
-2172.8,8.678
-2173.6,8.681
-2174.4,8.684
-2175.2,8.687
-2176.0,8.69
-2176.8,8.693
-2177.6,8.696
-2178.4,8.7
-2179.2,8.703
-2180.0,8.706
-2180.8,8.709
-2181.6,8.712
-2182.4,8.715
-2183.2,8.718
-2184.0,8.721
-2184.8,8.725
-2185.6,8.728
-2186.4,8.731
-2187.2,8.734
-2188.0,8.737
-2188.8,8.74
-2189.6,8.743
-2190.4,8.747
-2191.2,8.75
-2192.0,8.753
-2192.8,8.756
-2193.6,8.759
-2194.4,8.762
-2195.2,8.766
-2196.0,8.769
-2196.8,8.772
-2197.6,8.775
-2198.4,8.778
-2199.2,8.781
-2200.0,8.784
-2200.8,8.787
-2201.6,8.79
-2202.4,8.794
-2203.2,8.797
-2204.0,8.8
-2204.8,8.803
-2205.6,8.806
-2206.4,8.809
-2207.2,8.812
-2208.0,8.815
-2208.8,8.819
-2209.6,8.822
-2210.4,8.825
-2211.2,8.828
-2212.0,8.831
-2212.8,8.834
-2213.6,8.837
-2214.4,8.841
-2215.2,8.844
-2216.0,8.847
-2216.8,8.85
-2217.6,8.853
-2218.4,8.856
-2219.2,8.859
-2220.0,8.863
-2220.8,8.866
-2221.6,8.869
-2222.4,8.872
-2223.2,8.875
-2224.0,8.878
-2224.8,8.881
-2225.6,8.885
-2226.4,8.888
-2227.2,8.891
-2228.0,8.894
-2228.8,8.897
-2229.6,8.901
-2230.4,8.904
-2231.2,8.907
-2232.0,8.91
-2232.8,8.913
-2233.6,8.916
-2234.4,8.919
-2235.2,8.923
-2236.0,8.926
-2236.8,8.929
-2237.6,8.932
-2238.4,8.935
-2239.2,8.938
-2240.0,8.941
-2240.8,8.945
-2241.6,8.948
-2242.4,8.951
-2243.2,8.954
-2244.0,8.957
-2244.8,8.96
-2245.6,8.964
-2246.4,8.967
-2247.2,8.97
-2248.0,8.973
-2248.8,8.976
-2249.6,8.979
-2250.4,8.983
-2251.2,8.986
-2252.0,8.989
-2252.8,8.992
-2253.6,8.995
-2254.4,8.998
-2255.2,9.002
-2256.0,9.005
-2256.8,9.008
-2257.6,9.011
-2258.4,9.014
-2259.2,9.017
-2260.0,9.021
-2260.8,9.024
-2261.6,9.027
-2262.4,9.03
-2263.2,9.033
-2264.0,9.036
-2264.8,9.039
-2265.6,9.043
-2266.4,9.046
-2267.2,9.049
-2268.0,9.052
-2268.8,9.055
-2269.6,9.058
-2270.4,9.061
-2271.2,9.064
-2272.0,9.068
-2272.8,9.071
-2273.6,9.074
-2274.4,9.077
-2275.2,9.08
-2276.0,9.083
-2276.8,9.086
-2277.6,9.09
-2278.4,9.093
-2279.2,9.096
-2280.0,9.099
-2280.8,9.102
-2281.6,9.105
-2282.4,9.109
-2283.2,9.112
-2284.0,9.115
-2284.8,9.118
-2285.6,9.121
-2286.4,9.124
-2287.2,9.128
-2288.0,9.131
-2288.8,9.134
-2289.6,9.137
-2290.4,9.14
-2291.2,9.143
-2292.0,9.146
-2292.8,9.149
-2293.6,9.153
-2294.4,9.156
-2295.2,9.159
-2296.0,9.162
-2296.8,9.165
-2297.6,9.168
-2298.4,9.172
-2299.2,9.175
-2300.0,9.178
-2300.8,9.181
-2301.6,9.184
-2302.4,9.187
-2303.2,9.191
-2304.0,9.194
-2304.8,9.197
-2305.6,9.2
-2306.4,9.203
-2307.2,9.206
-2308.0,9.21
-2308.8,9.213
-2309.6,9.216
-2310.4,9.219
-2311.2,9.222
-2312.0,9.225
-2312.8,9.229
-2313.6,9.232
-2314.4,9.235
-2315.2,9.238
-2316.0,9.241
-2316.8,9.245
-2317.6,9.248
-2318.4,9.251
-2319.2,9.254
-2320.0,9.257
-2320.8,9.261
-2321.6,9.264
-2322.4,9.267
-2323.2,9.27
-2324.0,9.273
-2324.8,9.277
-2325.6,9.28
-2326.4,9.283
-2327.2,9.286
-2328.0,9.289
-2328.8,9.292
-2329.6,9.296
-2330.4,9.299
-2331.2,9.302
-2332.0,9.305
-2332.8,9.308
-2333.6,9.311
-2334.4,9.315
-2335.2,9.318
-2336.0,9.321
-2336.8,9.324
-2337.6,9.327
-2338.4,9.33
-2339.2,9.334
-2340.0,9.337
-2340.8,9.34
-2341.6,9.343
-2342.4,9.346
-2343.2,9.35
-2344.0,9.353
-2344.8,9.356
-2345.6,9.359
-2346.4,9.362
-2347.2,9.366
-2348.0,9.369
-2348.8,9.372
-2349.6,9.375
-2350.4,9.378
-2351.2,9.381
-2352.0,9.385
-2352.8,9.388
-2353.6,9.391
-2354.4,9.394
-2355.2,9.397
-2356.0,9.401
-2356.8,9.404
-2357.6,9.407
-2358.4,9.41
-2359.2,9.413
-2360.0,9.417
-2360.8,9.42
-2361.6,9.423
-2362.4,9.426
-2363.2,9.429
-2364.0,9.433
-2364.8,9.436
-2365.6,9.439
-2366.4,9.442
-2367.2,9.445
-2368.0,9.448
-2368.8,9.452
-2369.6,9.455
-2370.4,9.458
-2371.2,9.461
-2372.0,9.465
-2372.8,9.468
-2373.6,9.471
-2374.4,9.474
-2375.2,9.478
-2376.0,9.481
-2376.8,9.484
-2377.6,9.487
-2378.4,9.491
-2379.2,9.494
-2380.0,9.497
-2380.8,9.5
-2381.6,9.503
-2382.4,9.507
-2383.2,9.51
-2384.0,9.513
-2384.8,9.516
-2385.6,9.52
-2386.4,9.523
-2387.2,9.526
-2388.0,9.529
-2388.8,9.532
-2389.6,9.536
-2390.4,9.539
-2391.2,9.542
-2392.0,9.546
-2392.8,9.549
-2393.6,9.552
-2394.4,9.555
-2395.2,9.559
-2396.0,9.562
-2396.8,9.565
-2397.6,9.568
-2398.4,9.572
-2399.2,9.575
-2400.0,9.578
-2400.8,9.581
-2401.6,9.585
-2402.4,9.588
-2403.2,9.591
-2404.0,9.594
-2404.8,9.598
-2405.6,9.601
-2406.4,9.604
-2407.2,9.607
-2408.0,9.611
-2408.8,9.614
-2409.6,9.617
-2410.4,9.62
-2411.2,9.624
-2412.0,9.627
-2412.8,9.63
-2413.6,9.633
-2414.4,9.637
-2415.2,9.64
-2416.0,9.643
-2416.8,9.646
-2417.6,9.649
-2418.4,9.653
-2419.2,9.656
-2420.0,9.659
-2420.8,9.662
-2421.6,9.666
-2422.4,9.669
-2423.2,9.672
-2424.0,9.675
-2424.8,9.679
-2425.6,9.682
-2426.4,9.685
-2427.2,9.688
-2428.0,9.692
-2428.8,9.695
-2429.6,9.698
-2430.4,9.701
-2431.2,9.705
-2432.0,9.708
-2432.8,9.711
-2433.6,9.714
-2434.4,9.718
-2435.2,9.721
-2436.0,9.724
-2436.8,9.727
-2437.6,9.731
-2438.4,9.734
-2439.2,9.737
-2440.0,9.74
-2440.8,9.744
-2441.6,9.747
-2442.4,9.75
-2443.2,9.753
-2444.0,9.756
-2444.8,9.76
-2445.6,9.763
-2446.4,9.766
-2447.2,9.769
-2448.0,9.773
-2448.8,9.776
-2449.6,9.779
-2450.4,9.782
-2451.2,9.785
-2452.0,9.789
-2452.8,9.792
-2453.6,9.795
-2454.4,9.798
-2455.2,9.801
-2456.0,9.804
-2456.8,9.808
-2457.6,9.811
-2458.4,9.814
-2459.2,9.817
-2460.0,9.821
-2460.8,9.824
-2461.6,9.827
-2462.4,9.83
-2463.2,9.833
-2464.0,9.837
-2464.8,9.84
-2465.6,9.843
-2466.4,9.846
-2467.2,9.85
-2468.0,9.853
-2468.8,9.856
-2469.6,9.859
-2470.4,9.862
-2471.2,9.866
-2472.0,9.869
-2472.8,9.872
-2473.6,9.875
-2474.4,9.878
-2475.2,9.881
-2476.0,9.885
-2476.8,9.888
-2477.6,9.891
-2478.4,9.894
-2479.2,9.897
-2480.0,9.9
-2480.8,9.903
-2481.6,9.907
-2482.4,9.91
-2483.2,9.913
-2484.0,9.916
-2484.8,9.919
-2485.6,9.922
-2486.4,9.926
-2487.2,9.929
-2488.0,9.932
-2488.8,9.935
-2489.6,9.938
-2490.4,9.941
-2491.2,9.945
-2492.0,9.948
-2492.8,9.951
-2493.6,9.954
-2494.4,9.957
-2495.2,9.96
-2496.0,9.963
-2496.8,9.966
-2497.6,9.97
-2498.4,9.973
-2499.2,9.976
-2500.0,9.979
-2500.8,9.982
-2501.6,9.985
-2502.4,9.989
-2503.2,9.992
-2504.0,9.995
-2504.8,9.998
-2505.6,10.001
-2506.4,10.004
-2507.2,10.008
-2508.0,10.011
-2508.8,10.014
-2509.6,10.017
-2510.4,10.02
-2511.2,10.023
-2512.0,10.026
-2512.8,10.029
-2513.6,10.033
-2514.4,10.036
-2515.2,10.039
-2516.0,10.042
-2516.8,10.045
-2517.6,10.048
-2518.4,10.051
-2519.2,10.055
-2520.0,10.058
-2520.8,10.061
-2521.6,10.064
-2522.4,10.067
-2523.2,10.07
-2524.0,10.073
-2524.8,10.077
-2525.6,10.08
-2526.4,10.083
-2527.2,10.086
-2528.0,10.089
-2528.8,10.092
-2529.6,10.096
-2530.4,10.099
-2531.2,10.102
-2532.0,10.106
-2532.8,10.109
-2533.6,10.112
-2534.4,10.116
-2535.2,10.12
-2536.0,10.123
-2536.8,10.127
-2537.6,10.131
-2538.4,10.134
-2539.2,10.138
-2540.0,10.142
-2540.8,10.146
-2541.6,10.149
-2542.4,10.153
-2543.2,10.157
-2544.0,10.16
-2544.8,10.164
-2545.6,10.168
-2546.4,10.171
-2547.2,10.175
-2548.0,10.179
-2548.8,10.183
-2549.6,10.187
-2550.4,10.191
-2551.2,10.196
-2552.0,10.2
-2552.8,10.204
-2553.6,10.209
-2554.4,10.213
-2555.2,10.218
-2556.0,10.223
-2556.8,10.228
-2557.6,10.233
-2558.4,10.238
-2559.2,10.243
-2560.0,10.249
-2560.8,10.254
-2561.6,10.259
-2562.4,10.265
-2563.2,10.27
-2564.0,10.275
-2564.8,10.281
-2565.6,10.287
-2566.4,10.293
-2567.2,10.299
-2568.0,10.306
-2568.8,10.313
-2569.6,10.32
-2570.4,10.327
-2571.2,10.334
-2572.0,10.342
-2572.8,10.35
-2573.6,10.359
-2574.4,10.368
-2575.2,10.378
-2576.0,10.387
-2576.8,10.399
-2577.6,10.411
-2578.4,10.424
-2579.2,10.441
-2580.0,10.461
-2580.8,10.489
