Axis,Voltage,Count,Time
T,10.5,32768,00000
T,10.5,32768,00002
T,10.5,32768,00004
T,10.5,32768,00006
T,10.5,32768,00008
T,10.5,32768,00010
T,10.5,32768,00012
T,10.5,32769,00014
T,10.5,32769,00016
T,10.5,32769,00018
T,10.5,32770,00020
T,10.5,32770,00022
T,10.5,32770,00024
T,10.5,32770,00026
T,10.5,32771,00028
T,10.5,32771,00030
T,10.5,32771,00032
T,10.5,32771,00034
T,10.5,32771,00036
T,10.5,32772,00038
T,10.5,32772,00040
T,10.5,32772,00042
T,10.5,32772,00044
T,10.5,32772,00046
T,10.5,32773,00048
T,10.5,32773,00050
T,10.5,32773,00052
T,10.5,32774,00054
T,10.5,32774,00056
T,10.5,32775,00058
T,10.5,32775,00060
T,10.5,32775,00062
T,10.5,32776,00064
T,10.5,32776,00066
T,10.5,32777,00068
T,10.5,32777,00070
T,10.5,32778,00072
T,10.5,32778,00074
T,10.5,32779,00076
T,10.5,32779,00078
T,10.5,32779,00080
T,10.5,32780,00082
T,10.5,32780,00084
T,10.5,32781,00086
T,10.5,32781,00088
T,10.5,32782,00090
T,10.5,32782,00092
T,10.5,32783,00094
T,10.5,32783,00096
T,10.5,32784,00098
T,10.5,32784,00100
T,10.5,32785,00102
T,10.5,32785,00104
T,10.5,32786,00106
T,10.5,32786,00108
T,10.5,32786,00110
T,10.5,32787,00112
T,10.5,32788,00114
T,10.5,32788,00116
T,10.5,32789,00118
T,10.5,32789,00120
T,10.5,32790,00122
T,10.5,32790,00124
T,10.5,32791,00126
T,10.5,32791,00128
T,10.5,32792,00130
T,10.5,32792,00132
T,10.5,32793,00134
T,10.5,32793,00136
T,10.5,32794,00138
T,10.5,32794,00140
T,10.5,32795,00142
T,10.5,32795,00144
T,10.5,32796,00146
T,10.5,32797,00148
T,10.5,32797,00150
T,10.5,32798,00152
T,10.5,32798,00154
T,10.5,32799,00156
T,10.5,32799,00158
T,10.5,32800,00160
T,10.5,32800,00162
T,10.5,32801,00164
T,10.5,32801,00166
T,10.5,32802,00168
T,10.5,32802,00170
T,10.5,32803,00172
T,10.5,32803,00174
T,10.5,32804,00176
T,10.5,32804,00178
T,10.5,32805,00180
T,10.5,32805,00182
T,10.5,32806,00184
T,10.5,32807,00186
T,10.5,32807,00188
T,10.5,32808,00190
T,10.5,32808,00192
T,10.5,32809,00194
T,10.5,32809,00196
T,10.5,32810,00198
T,10.5,32810,00200
T,10.5,32811,00202
T,10.5,32811,00204
T,10.5,32812,00206
T,10.5,32812,00208
T,10.5,32813,00210
T,10.5,32813,00212
T,10.5,32814,00214
T,10.5,32815,00216
T,10.5,32815,00218
T,10.5,32816,00220
T,10.5,32816,00222
T,10.5,32817,00224
T,10.5,32817,00226
T,10.5,32818,00228
T,10.5,32818,00230
T,10.5,32819,00232
T,10.5,32819,00234
T,10.5,32820,00236
T,10.5,32821,00238
T,10.5,32821,00240
T,10.5,32822,00242
T,10.5,32822,00244
T,10.5,32823,00246
T,10.5,32823,00248
T,10.5,32824,00250
T,10.5,32824,00252
T,10.5,32825,00254
T,10.5,32825,00256
T,10.5,32826,00258
T,10.5,32826,00260
T,10.5,32827,00262
T,10.5,32828,00264
T,10.5,32828,00266
T,10.5,32829,00268
T,10.5,32829,00270
T,10.5,32830,00272
T,10.5,32830,00274
T,10.5,32831,00276
T,10.5,32831,00278
T,10.5,32832,00280
T,10.5,32832,00282
T,10.5,32833,00284
T,10.5,32833,00286
T,10.5,32834,00288
T,10.5,32835,00290
T,10.5,32835,00292
T,10.5,32836,00294
T,10.5,32836,00296
T,10.5,32837,00298
T,10.5,32837,00300
T,10.5,32838,00302
T,10.5,32838,00304
T,10.5,32839,00306
T,10.5,32839,00308
T,10.5,32840,00310
T,10.5,32840,00312
T,10.5,32841,00314
T,10.5,32842,00316
T,10.5,32842,00318
T,10.5,32843,00320
T,10.5,32843,00322
T,10.5,32844,00324
T,10.5,32844,00326
T,10.5,32845,00328
T,10.5,32845,00330
T,10.5,32846,00332
T,10.5,32846,00334
T,10.5,32847,00336
T,10.5,32848,00338
T,10.5,32848,00340
T,10.5,32849,00342
T,10.5,32849,00344
T,10.5,32850,00346
T,10.5,32850,00348
T,10.5,32851,00350
T,10.5,32851,00352
T,10.5,32852,00354
T,10.5,32852,00356
T,10.5,32853,00358
T,10.5,32853,00360
T,10.5,32854,00362
T,10.5,32854,00364
T,10.5,32855,00366
T,10.5,32856,00368
T,10.5,32856,00370
T,10.5,32857,00372
T,10.5,32857,00374
T,10.5,32858,00376
T,10.5,32858,00378
T,10.5,32859,00380
T,10.5,32859,00382
T,10.5,32860,00384
T,10.5,32860,00386
T,10.5,32861,00388
T,10.5,32861,00390
T,10.5,32862,00392
T,10.5,32862,00394
T,10.5,32863,00396
T,10.5,32864,00398
T,10.5,32864,00400
T,10.5,32865,00402
T,10.5,32865,00404
T,10.5,32866,00406
T,10.5,32866,00408
T,10.5,32867,00410
T,10.5,32867,00412
T,10.5,32868,00414
T,10.5,32868,00416
T,10.5,32869,00418
T,10.5,32869,00420
T,10.5,32870,00422
T,10.5,32871,00424
T,10.5,32871,00426
T,10.5,32872,00428
T,10.5,32872,00430
T,10.5,32873,00432
T,10.5,32873,00434
T,10.5,32874,00436
T,10.5,32874,00438
T,10.5,32875,00440
T,10.5,32875,00442
T,10.5,32876,00444
T,10.5,32876,00446
T,10.5,32877,00448
T,10.5,32877,00450
T,10.5,32878,00452
T,10.5,32879,00454
T,10.5,32879,00456
T,10.5,32880,00458
T,10.5,32880,00460
T,10.5,32881,00462
T,10.5,32881,00464
T,10.5,32882,00466
T,10.5,32882,00468
T,10.5,32883,00470
T,10.5,32883,00472
T,10.5,32884,00474
T,10.5,32884,00476
T,10.5,32885,00478
T,10.5,32885,00480
T,10.5,32886,00482
T,10.5,32886,00484
T,10.5,32887,00486
T,10.5,32888,00488
T,10.5,32888,00490
T,10.5,32889,00492
T,10.5,32889,00494
T,10.5,32890,00496
T,10.5,32890,00498
T,10.5,32891,00500
T,10.5,32891,00502
T,10.5,32892,00504
T,10.5,32892,00506
T,10.5,32893,00508
T,10.5,32893,00510
T,10.5,32894,00512
T,10.5,32895,00514
T,10.5,32895,00516
T,10.5,32896,00518
T,10.5,32896,00520
T,10.5,32897,00522
T,10.5,32897,00524
T,10.5,32898,00526
T,10.5,32898,00528
T,10.5,32899,00530
T,10.5,32899,00532
T,10.5,32900,00534
T,10.5,32900,00536
T,10.5,32901,00538
T,10.5,32902,00540
T,10.5,32902,00542
T,10.5,32903,00544
T,10.5,32903,00546
T,10.5,32904,00548
T,10.5,32904,00550
T,10.5,32905,00552
T,10.5,32905,00554
T,10.5,32906,00556
T,10.5,32906,00558
T,10.5,32907,00560
T,10.5,32907,00562
T,10.5,32908,00564
T,10.5,32909,00566
T,10.5,32909,00568
T,10.5,32910,00570
T,10.5,32910,00572
T,10.5,32911,00574
T,10.5,32911,00576
T,10.5,32912,00578
T,10.5,32912,00580
T,10.5,32913,00582
T,10.5,32913,00584
T,10.5,32914,00586
T,10.5,32915,00588
T,10.5,32915,00590
T,10.5,32916,00592
T,10.5,32916,00594
T,10.5,32917,00596
T,10.5,32917,00598
T,10.5,32918,00600
T,10.5,32918,00602
T,10.5,32919,00604
T,10.5,32919,00606
T,10.5,32920,00608
T,10.5,32920,00610
T,10.5,32921,00612
T,10.5,32921,00614
T,10.5,32922,00616
T,10.5,32923,00618
T,10.5,32923,00620
T,10.5,32924,00622
T,10.5,32924,00624
T,10.5,32925,00626
T,10.5,32925,00628
T,10.5,32926,00630
T,10.5,32926,00632
T,10.5,32927,00634
T,10.5,32927,00636
T,10.5,32928,00638
T,10.5,32928,00640
T,10.5,32929,00642
T,10.5,32930,00644
T,10.5,32930,00646
T,10.5,32931,00648
T,10.5,32931,00650
T,10.5,32932,00652
T,10.5,32932,00654
T,10.5,32933,00656
T,10.5,32933,00658
T,10.5,32934,00660
T,10.5,32934,00662
T,10.5,32935,00664
T,10.5,32936,00666
T,10.5,32936,00668
T,10.5,32937,00670
T,10.5,32937,00672
T,10.5,32938,00674
T,10.5,32938,00676
T,10.5,32939,00678
T,10.5,32939,00680
T,10.5,32940,00682
T,10.5,32940,00684
T,10.5,32941,00686
T,10.5,32941,00688
T,10.5,32942,00690
T,10.5,32942,00692
T,10.5,32943,00694
T,10.5,32944,00696
T,10.5,32944,00698
T,10.5,32945,00700
T,10.5,32945,00702
T,10.5,32946,00704
T,10.5,32946,00706
T,10.5,32947,00708
T,10.5,32947,00710
T,10.5,32948,00712
T,10.5,32948,00714
T,10.5,32949,00716
T,10.5,32949,00718
T,10.5,32950,00720
T,10.5,32951,00722
T,10.5,32951,00724
T,10.5,32952,00726
T,10.5,32952,00728
T,10.5,32953,00730
T,10.5,32953,00732
T,10.5,32954,00734
T,10.5,32954,00736
T,10.5,32955,00738
T,10.5,32955,00740
T,10.5,32956,00742
T,10.5,32956,00744
T,10.5,32957,00746
T,10.5,32957,00748
T,10.5,32958,00750
T,10.5,32959,00752
T,10.5,32959,00754
T,10.5,32960,00756
T,10.5,32960,00758
T,10.5,32961,00760
T,10.5,32961,00762
T,10.5,32962,00764
T,10.5,32962,00766
T,10.5,32963,00768
T,10.5,32963,00770
T,10.5,32964,00772
T,10.5,32964,00774
T,10.5,32965,00776
T,10.5,32965,00778
T,10.5,32966,00780
T,10.5,32966,00782
T,10.5,32967,00784
T,10.5,32968,00786
T,10.5,32968,00788
T,10.5,32969,00790
T,10.5,32969,00792
T,10.5,32970,00794
T,10.5,32970,00796
T,10.5,32971,00798
T,10.5,32971,00800
T,10.5,32972,00802
T,10.5,32972,00804
T,10.5,32973,00806
T,10.5,32973,00808
T,10.5,32974,00810
T,10.5,32974,00812
T,10.5,32975,00814
T,10.5,32976,00816
T,10.5,32976,00818
T,10.5,32977,00820
T,10.5,32977,00822
T,10.5,32978,00824
T,10.5,32978,00826
T,10.5,32979,00828
T,10.5,32979,00830
T,10.5,32980,00832
T,10.5,32980,00834
T,10.5,32981,00836
T,10.5,32981,00838
T,10.5,32982,00840
T,10.5,32982,00842
T,10.5,32983,00844
T,10.5,32984,00846
T,10.5,32984,00848
T,10.5,32985,00850
T,10.5,32985,00852
T,10.5,32986,00854
T,10.5,32986,00856
T,10.5,32987,00858
T,10.5,32987,00860
T,10.5,32988,00862
T,10.5,32988,00864
T,10.5,32989,00866
T,10.5,32989,00868
T,10.5,32990,00870
T,10.5,32990,00872
T,10.5,32991,00874
T,10.5,32992,00876
T,10.5,32992,00878
T,10.5,32993,00880
T,10.5,32993,00882
T,10.5,32994,00884
T,10.5,32994,00886
T,10.5,32995,00888
T,10.5,32995,00890
T,10.5,32996,00892
T,10.5,32996,00894
T,10.5,32997,00896
T,10.5,32997,00898
T,10.5,32998,00900
T,10.5,32998,00902
T,10.5,32999,00904
T,10.5,33000,00906
T,10.5,33000,00908
T,10.5,33001,00910
T,10.5,33001,00912
T,10.5,33002,00914
T,10.5,33002,00916
T,10.5,33003,00918
T,10.5,33003,00920
T,10.5,33004,00922
T,10.5,33004,00924
T,10.5,33005,00926
T,10.5,33005,00928
T,10.5,33006,00930
T,10.5,33006,00932
T,10.5,33007,00934
T,10.5,33008,00936
T,10.5,33008,00938
T,10.5,33009,00940
T,10.5,33009,00942
T,10.5,33010,00944
T,10.5,33010,00946
T,10.5,33011,00948
T,10.5,33011,00950
T,10.5,33012,00952
T,10.5,33012,00954
T,10.5,33013,00956
T,10.5,33013,00958
T,10.5,33014,00960
T,10.5,33014,00962
T,10.5,33015,00964
T,10.5,33015,00966
T,10.5,33016,00968
T,10.5,33017,00970
T,10.5,33017,00972
T,10.5,33018,00974
T,10.5,33018,00976
T,10.5,33019,00978
T,10.5,33019,00980
T,10.5,33020,00982
T,10.5,33020,00984
T,10.5,33021,00986
T,10.5,33021,00988
T,10.5,33022,00990
T,10.5,33022,00992
T,10.5,33023,00994
T,10.5,33023,00996
T,10.5,33024,00998
T,10.5,33025,01000
T,10.5,33025,01002
T,10.5,33026,01004
T,10.5,33026,01006
T,10.5,33027,01008
T,10.5,33027,01010
T,10.5,33028,01012
T,10.5,33028,01014
T,10.5,33029,01016
T,10.5,33029,01018
T,10.5,33030,01020
T,10.5,33030,01022
T,10.5,33031,01024
T,10.5,33031,01026
T,10.5,33032,01028
T,10.5,33032,01030
T,10.5,33033,01032
T,10.5,33034,01034
T,10.5,33034,01036
T,10.5,33035,01038
T,10.5,33035,01040
T,10.5,33036,01042
T,10.5,33036,01044
T,10.5,33037,01046
T,10.5,33037,01048
T,10.5,33038,01050
T,10.5,33038,01052
T,10.5,33039,01054
T,10.5,33039,01056
T,10.5,33040,01058
T,10.5,33040,01060
T,10.5,33041,01062
T,10.5,33041,01064
T,10.5,33042,01066
T,10.5,33042,01068
T,10.5,33043,01070
T,10.5,33044,01072
T,10.5,33044,01074
T,10.5,33045,01076
T,10.5,33045,01078
T,10.5,33046,01080
T,10.5,33046,01082
T,10.5,33047,01084
T,10.5,33047,01086
T,10.5,33048,01088
T,10.5,33048,01090
T,10.5,33049,01092
T,10.5,33049,01094
T,10.5,33050,01096
T,10.5,33050,01098
T,10.5,33051,01100
T,10.5,33051,01102
T,10.5,33052,01104
T,10.5,33052,01106
T,10.5,33053,01108
T,10.5,33053,01110
T,10.5,33054,01112
T,10.5,33054,01114
T,10.5,33055,01116
T,10.5,33056,01118
T,10.5,33056,01120
T,10.5,33057,01122
T,10.5,33057,01124
T,10.5,33058,01126
T,10.5,33058,01128
T,10.5,33059,01130
T,10.5,33059,01132
T,10.5,33060,01134
T,10.5,33060,01136
T,10.5,33061,01138
T,10.5,33061,01140
T,10.5,33062,01142
T,10.5,33062,01144
T,10.5,33063,01146
T,10.5,33063,01148
T,10.5,33064,01150
T,10.5,33064,01152
T,10.5,33065,01154
T,10.5,33065,01156
T,10.5,33066,01158
T,10.5,33066,01160
T,10.5,33067,01162
T,10.5,33068,01164
T,10.5,33068,01166
T,10.5,33069,01168
T,10.5,33069,01170
T,10.5,33070,01172
T,10.5,33070,01174
T,10.5,33071,01176
T,10.5,33071,01178
T,10.5,33072,01180
T,10.5,33072,01182
T,10.5,33073,01184
T,10.5,33073,01186
T,10.5,33074,01188
T,10.5,33074,01190
T,10.5,33075,01192
T,10.5,33075,01194
T,10.5,33076,01196
T,10.5,33076,01198
T,10.5,33077,01200
T,10.5,33077,01202
T,10.5,33078,01204
T,10.5,33078,01206
T,10.5,33079,01208
T,10.5,33079,01210
T,10.5,33080,01212
T,10.5,33080,01214
T,10.5,33081,01216
T,10.5,33082,01218
T,10.5,33082,01220
T,10.5,33083,01222
T,10.5,33083,01224
T,10.5,33084,01226
T,10.5,33084,01228
T,10.5,33085,01230
T,10.5,33085,01232
T,10.5,33086,01234
T,10.5,33086,01236
T,10.5,33087,01238
T,10.5,33087,01240
T,10.5,33088,01242
T,10.5,33088,01244
T,10.5,33089,01246
T,10.5,33089,01248
T,10.5,33090,01250
T,10.5,33090,01252
T,10.5,33091,01254
T,10.5,33092,01256
T,10.5,33092,01258
T,10.5,33093,01260
T,10.5,33093,01262
T,10.5,33094,01264
T,10.5,33094,01266
T,10.5,33095,01268
T,10.5,33095,01270
T,10.5,33096,01272
T,10.5,33096,01274
T,10.5,33097,01276
T,10.5,33097,01278
T,10.5,33098,01280
T,10.5,33098,01282
T,10.5,33099,01284
T,10.5,33099,01286
T,10.5,33100,01288
T,10.5,33100,01290
T,10.5,33101,01292
T,10.5,33101,01294
T,10.5,33102,01296
T,10.5,33102,01298
T,10.5,33103,01300
T,10.5,33104,01302
T,10.5,33104,01304
T,10.5,33105,01306
T,10.5,33105,01308
T,10.5,33106,01310
T,10.5,33106,01312
T,10.5,33107,01314
T,10.5,33107,01316
T,10.5,33108,01318
T,10.5,33108,01320
T,10.5,33109,01322
T,10.5,33109,01324
T,10.5,33110,01326
T,10.5,33110,01328
T,10.5,33111,01330
T,10.5,33111,01332
T,10.5,33112,01334
T,10.5,33112,01336
T,10.5,33113,01338
T,10.5,33113,01340
T,10.5,33114,01342
T,10.5,33115,01344
T,10.5,33115,01346
T,10.5,33116,01348
T,10.5,33116,01350
T,10.5,33117,01352
T,10.5,33117,01354
T,10.5,33118,01356
T,10.5,33118,01358
T,10.5,33119,01360
T,10.5,33119,01362
T,10.5,33120,01364
T,10.5,33120,01366
T,10.5,33121,01368
T,10.5,33121,01370
T,10.5,33122,01372
T,10.5,33122,01374
T,10.5,33123,01376
T,10.5,33123,01378
T,10.5,33124,01380
T,10.5,33125,01382
T,10.5,33125,01384
T,10.5,33126,01386
T,10.5,33126,01388
T,10.5,33127,01390
T,10.5,33127,01392
T,10.5,33128,01394
T,10.5,33128,01396
T,10.5,33129,01398
T,10.5,33129,01400
T,10.5,33130,01402
T,10.5,33130,01404
T,10.5,33131,01406
T,10.5,33131,01408
T,10.5,33132,01410
T,10.5,33132,01412
T,10.5,33133,01414
T,10.5,33134,01416
T,10.5,33134,01418
T,10.5,33135,01420
T,10.5,33135,01422
T,10.5,33136,01424
T,10.5,33136,01426
T,10.5,33137,01428
T,10.5,33137,01430
T,10.5,33138,01432
T,10.5,33138,01434
T,10.5,33139,01436
T,10.5,33139,01438
T,10.5,33140,01440
T,10.5,33140,01442
T,10.5,33141,01444
T,10.5,33141,01446
T,10.5,33142,01448
T,10.5,33143,01450
T,10.5,33143,01452
T,10.5,33144,01454
T,10.5,33144,01456
T,10.5,33145,01458
T,10.5,33145,01460
T,10.5,33146,01462
T,10.5,33146,01464
T,10.5,33147,01466
T,10.5,33147,01468
T,10.5,33148,01470
T,10.5,33148,01472
T,10.5,33149,01474
T,10.5,33149,01476
T,10.5,33150,01478
T,10.5,33150,01480
T,10.5,33151,01482
T,10.5,33151,01484
T,10.5,33152,01486
T,10.5,33153,01488
T,10.5,33153,01490
T,10.5,33154,01492
T,10.5,33154,01494
T,10.5,33155,01496
T,10.5,33155,01498
T,10.5,33156,01500
T,10.5,33156,01502
T,10.5,33157,01504
T,10.5,33157,01506
T,10.5,33158,01508
T,10.5,33158,01510
T,10.5,33159,01512
T,10.5,33159,01514
T,10.5,33160,01516
T,10.5,33161,01518
T,10.5,33161,01520
T,10.5,33162,01522
T,10.5,33162,01524
T,10.5,33163,01526
T,10.5,33163,01528
T,10.5,33164,01530
T,10.5,33164,01532
T,10.5,33165,01534
T,10.5,33165,01536
T,10.5,33166,01538
T,10.5,33166,01540
T,10.5,33167,01542
T,10.5,33168,01544
T,10.5,33168,01546
T,10.5,33169,01548
T,10.5,33169,01550
T,10.5,33170,01552
T,10.5,33170,01554
T,10.5,33171,01556
T,10.5,33171,01558
T,10.5,33172,01560
T,10.5,33172,01562
T,10.5,33173,01564
T,10.5,33173,01566
T,10.5,33174,01568
T,10.5,33175,01570
T,10.5,33175,01572
T,10.5,33176,01574
T,10.5,33176,01576
T,10.5,33177,01578
T,10.5,33177,01580
T,10.5,33178,01582
T,10.5,33178,01584
T,10.5,33179,01586
T,10.5,33179,01588
T,10.5,33180,01590
T,10.5,33180,01592
T,10.5,33181,01594
T,10.5,33182,01596
T,10.5,33182,01598
T,10.5,33183,01600
T,10.5,33183,01602
T,10.5,33184,01604
T,10.5,33184,01606
T,10.5,33185,01608
T,10.5,33185,01610
T,10.5,33186,01612
T,10.5,33186,01614
T,10.5,33187,01616
T,10.5,33187,01618
T,10.5,33188,01620
T,10.5,33189,01622
T,10.5,33189,01624
T,10.5,33190,01626
T,10.5,33190,01628
T,10.5,33191,01630
T,10.5,33191,01632
T,10.5,33192,01634
T,10.5,33192,01636
T,10.5,33193,01638
T,10.5,33193,01640
T,10.5,33194,01642
T,10.5,33194,01644
T,10.5,33195,01646
T,10.5,33196,01648
T,10.5,33196,01650
T,10.5,33197,01652
T,10.5,33197,01654
T,10.5,33198,01656
T,10.5,33198,01658
T,10.5,33199,01660
T,10.5,33199,01662
T,10.5,33200,01664
T,10.5,33200,01666
T,10.5,33201,01668
T,10.5,33202,01670
T,10.5,33202,01672
T,10.5,33203,01674
T,10.5,33203,01676
T,10.5,33204,01678
T,10.5,33204,01680
T,10.5,33205,01682
T,10.5,33205,01684
T,10.5,33206,01686
T,10.5,33206,01688
T,10.5,33207,01690
T,10.5,33207,01692
T,10.5,33208,01694
T,10.5,33209,01696
T,10.5,33209,01698
T,10.5,33210,01700
T,10.5,33210,01702
T,10.5,33211,01704
T,10.5,33211,01706
T,10.5,33212,01708
T,10.5,33212,01710
T,10.5,33213,01712
T,10.5,33213,01714
T,10.5,33214,01716
T,10.5,33215,01718
T,10.5,33215,01720
T,10.5,33216,01722
T,10.5,33216,01724
T,10.5,33217,01726
T,10.5,33217,01728
T,10.5,33218,01730
T,10.5,33218,01732
T,10.5,33219,01734
T,10.5,33219,01736
T,10.5,33220,01738
T,10.5,33221,01740
T,10.5,33221,01742
T,10.5,33222,01744
T,10.5,33222,01746
T,10.5,33223,01748
T,10.5,33223,01750
T,10.5,33224,01752
T,10.5,33224,01754
T,10.5,33225,01756
T,10.5,33225,01758
T,10.5,33226,01760
T,10.5,33226,01762
T,10.5,33227,01764
T,10.5,33228,01766
T,10.5,33228,01768
T,10.5,33229,01770
T,10.5,33229,01772
T,10.5,33230,01774
T,10.5,33230,01776
T,10.5,33231,01778
T,10.5,33231,01780
T,10.5,33232,01782
T,10.5,33232,01784
T,10.5,33233,01786
T,10.5,33233,01788
T,10.5,33234,01790
T,10.5,33235,01792
T,10.5,33235,01794
T,10.5,33236,01796
T,10.5,33236,01798
T,10.5,33237,01800
T,10.5,33237,01802
T,10.5,33238,01804
T,10.5,33238,01806
T,10.5,33239,01808
T,10.5,33239,01810
T,10.5,33240,01812
T,10.5,33241,01814
T,10.5,33241,01816
T,10.5,33242,01818
T,10.5,33242,01820
T,10.5,33243,01822
T,10.5,33243,01824
T,10.5,33244,01826
T,10.5,33244,01828
T,10.5,33245,01830
T,10.5,33245,01832
T,10.5,33246,01834
T,10.5,33247,01836
T,10.5,33247,01838
T,10.5,33248,01840
T,10.5,33248,01842
T,10.5,33249,01844
T,10.5,33249,01846
T,10.5,33250,01848
T,10.5,33250,01850
T,10.5,33251,01852
T,10.5,33251,01854
T,10.5,33252,01856
T,10.5,33252,01858
T,10.5,33253,01860
T,10.5,33254,01862
T,10.5,33254,01864
T,10.5,33255,01866
T,10.5,33255,01868
T,10.5,33256,01870
T,10.5,33256,01872
T,10.5,33257,01874
T,10.5,33257,01876
T,10.5,33258,01878
T,10.5,33258,01880
T,10.5,33259,01882
T,10.5,33260,01884
T,10.5,33260,01886
T,10.5,33261,01888
T,10.5,33261,01890
T,10.5,33262,01892
T,10.5,33262,01894
T,10.5,33263,01896
T,10.5,33263,01898
T,10.5,33264,01900
T,10.5,33264,01902
T,10.5,33265,01904
T,10.5,33266,01906
T,10.5,33266,01908
T,10.5,33267,01910
T,10.5,33267,01912
T,10.5,33268,01914
T,10.5,33268,01916
T,10.5,33269,01918
T,10.5,33269,01920
T,10.5,33270,01922
T,10.5,33270,01924
T,10.5,33271,01926
T,10.5,33272,01928
T,10.5,33272,01930
T,10.5,33273,01932
T,10.5,33273,01934
T,10.5,33274,01936
T,10.5,33274,01938
T,10.5,33275,01940
T,10.5,33275,01942
T,10.5,33276,01944
T,10.5,33276,01946
T,10.5,33277,01948
T,10.5,33278,01950
T,10.5,33278,01952
T,10.5,33279,01954
T,10.5,33279,01956
T,10.5,33280,01958
T,10.5,33280,01960
T,10.5,33281,01962
T,10.5,33281,01964
T,10.5,33282,01966
T,10.5,33282,01968
T,10.5,33283,01970
T,10.5,33284,01972
T,10.5,33284,01974
T,10.5,33285,01976
T,10.5,33285,01978
T,10.5,33286,01980
T,10.5,33286,01982
T,10.5,33287,01984
T,10.5,33287,01986
T,10.5,33288,01988
T,10.5,33288,01990
T,10.5,33289,01992
T,10.5,33290,01994
T,10.5,33290,01996
T,10.5,33291,01998
T,10.5,33291,02000
T,10.5,33292,02002
T,10.5,33292,02004
T,10.5,33293,02006
T,10.5,33293,02008
T,10.5,33294,02010
T,10.5,33294,02012
T,10.5,33295,02014
T,10.5,33295,02016
T,10.5,33296,02018
T,10.5,33297,02020
T,10.5,33297,02022
T,10.5,33298,02024
T,10.5,33298,02026
T,10.5,33299,02028
T,10.5,33299,02030
T,10.5,33300,02032
T,10.5,33300,02034
T,10.5,33301,02036
T,10.5,33301,02038
T,10.5,33302,02040
T,10.5,33302,02042
T,10.5,33303,02044
T,10.5,33304,02046
T,10.5,33304,02048
T,10.5,33305,02050
T,10.5,33305,02052
T,10.5,33306,02054
T,10.5,33306,02056
T,10.5,33307,02058
T,10.5,33307,02060
T,10.5,33308,02062
T,10.5,33308,02064
T,10.5,33309,02066
T,10.5,33309,02068
T,10.5,33310,02070
T,10.5,33311,02072
T,10.5,33311,02074
T,10.5,33312,02076
T,10.5,33312,02078
T,10.5,33313,02080
T,10.5,33313,02082
T,10.5,33314,02084
T,10.5,33314,02086
T,10.5,33315,02088
T,10.5,33315,02090
T,10.5,33316,02092
T,10.5,33317,02094
T,10.5,33317,02096
T,10.5,33318,02098
T,10.5,33318,02100
T,10.5,33319,02102
T,10.5,33319,02104
T,10.5,33320,02106
T,10.5,33320,02108
T,10.5,33321,02110
T,10.5,33321,02112
T,10.5,33322,02114
T,10.5,33322,02116
T,10.5,33323,02118
T,10.5,33323,02120
T,10.5,33324,02122
T,10.5,33325,02124
T,10.5,33325,02126
T,10.5,33326,02128
T,10.5,33326,02130
T,10.5,33327,02132
T,10.5,33327,02134
T,10.5,33328,02136
T,10.5,33328,02138
T,10.5,33329,02140
T,10.5,33329,02142
T,10.5,33330,02144
T,10.5,33330,02146
T,10.5,33331,02148
T,10.5,33332,02150
T,10.5,33332,02152
T,10.5,33333,02154
T,10.5,33333,02156
T,10.5,33334,02158
T,10.5,33334,02160
T,10.5,33335,02162
T,10.5,33335,02164
T,10.5,33336,02166
T,10.5,33336,02168
T,10.5,33337,02170
T,10.5,33337,02172
T,10.5,33338,02174
T,10.5,33339,02176
T,10.5,33339,02178
T,10.5,33340,02180
T,10.5,33340,02182
T,10.5,33341,02184
T,10.5,33341,02186
T,10.5,33342,02188
T,10.5,33342,02190
T,10.5,33343,02192
T,10.5,33343,02194
T,10.5,33344,02196
T,10.5,33344,02198
T,10.5,33345,02200
T,10.5,33346,02202
T,10.5,33346,02204
T,10.5,33347,02206
T,10.5,33347,02208
T,10.5,33348,02210
T,10.5,33348,02212
T,10.5,33349,02214
T,10.5,33349,02216
T,10.5,33350,02218
T,10.5,33350,02220
T,10.5,33351,02222
T,10.5,33351,02224
T,10.5,33352,02226
T,10.5,33353,02228
T,10.5,33353,02230
T,10.5,33354,02232
T,10.5,33354,02234
T,10.5,33355,02236
T,10.5,33355,02238
T,10.5,33356,02240
T,10.5,33356,02242
T,10.5,33357,02244
T,10.5,33357,02246
T,10.5,33358,02248
T,10.5,33359,02250
T,10.5,33359,02252
T,10.5,33360,02254
T,10.5,33360,02256
T,10.5,33361,02258
T,10.5,33361,02260
T,10.5,33362,02262
T,10.5,33362,02264
T,10.5,33363,02266
T,10.5,33363,02268
T,10.5,33364,02270
T,10.5,33365,02272
T,10.5,33365,02274
T,10.5,33366,02276
T,10.5,33366,02278
T,10.5,33367,02280
T,10.5,33367,02282
T,10.5,33368,02284
T,10.5,33368,02286
T,10.5,33369,02288
T,10.5,33369,02290
T,10.5,33370,02292
T,10.5,33370,02294
T,10.5,33371,02296
T,10.5,33371,02298
T,10.5,33372,02300
T,10.5,33373,02302
T,10.5,33373,02304
T,10.5,33374,02306
T,10.5,33374,02308
T,10.5,33375,02310
T,10.5,33375,02312
T,10.5,33376,02314
T,10.5,33376,02316
T,10.5,33377,02318
T,10.5,33377,02320
T,10.5,33378,02322
T,10.5,33378,02324
T,10.5,33379,02326
T,10.5,33380,02328
T,10.5,33380,02330
T,10.5,33381,02332
T,10.5,33381,02334
T,10.5,33382,02336
T,10.5,33382,02338
T,10.5,33383,02340
T,10.5,33383,02342
T,10.5,33384,02344
T,10.5,33384,02346
T,10.5,33385,02348
T,10.5,33386,02350
T,10.5,33386,02352
T,10.5,33387,02354
T,10.5,33387,02356
T,10.5,33388,02358
T,10.5,33388,02360
T,10.5,33389,02362
T,10.5,33389,02364
T,10.5,33390,02366
T,10.5,33390,02368
T,10.5,33391,02370
T,10.5,33391,02372
T,10.5,33392,02374
T,10.5,33393,02376
T,10.5,33393,02378
T,10.5,33394,02380
T,10.5,33394,02382
T,10.5,33395,02384
T,10.5,33395,02386
T,10.5,33396,02388
T,10.5,33396,02390
T,10.5,33397,02392
T,10.5,33397,02394
T,10.5,33398,02396
T,10.5,33398,02398
T,10.5,33399,02400
T,10.5,33400,02402
T,10.5,33400,02404
T,10.5,33401,02406
T,10.5,33401,02408
T,10.5,33402,02410
T,10.5,33402,02412
T,10.5,33403,02414
T,10.5,33403,02416
T,10.5,33404,02418
T,10.5,33404,02420
T,10.5,33405,02422
T,10.5,33405,02424
T,10.5,33406,02426
T,10.5,33407,02428
T,10.5,33407,02430
T,10.5,33408,02432
T,10.5,33408,02434
T,10.5,33409,02436
T,10.5,33409,02438
T,10.5,33410,02440
T,10.5,33410,02442
T,10.5,33411,02444
T,10.5,33411,02446
T,10.5,33412,02448
T,10.5,33412,02450
T,10.5,33413,02452
T,10.5,33413,02454
T,10.5,33414,02456
T,10.5,33414,02458
T,10.5,33415,02460
T,10.5,33416,02462
T,10.5,33416,02464
T,10.5,33417,02466
T,10.5,33417,02468
T,10.5,33418,02470
T,10.5,33418,02472
T,10.5,33419,02474
T,10.5,33419,02476
T,10.5,33420,02478
T,10.5,33420,02480
T,10.5,33421,02482
T,10.5,33421,02484
T,10.5,33422,02486
T,10.5,33422,02488
T,10.5,33423,02490
T,10.5,33424,02492
T,10.5,33424,02494
T,10.5,33425,02496
T,10.5,33425,02498
T,10.5,33426,02500
T,10.5,33426,02502
T,10.5,33427,02504
T,10.5,33427,02506
T,10.5,33428,02508
T,10.5,33428,02510
T,10.5,33429,02512
T,10.5,33429,02514
T,10.5,33430,02516
T,10.5,33431,02518
T,10.5,33431,02520
T,10.5,33432,02522
T,10.5,33432,02524
T,10.5,33433,02526
T,10.5,33433,02528
T,10.5,33434,02530
T,10.5,33434,02532
T,10.5,33435,02534
T,10.5,33435,02536
T,10.5,33436,02538
T,10.5,33436,02540
T,10.5,33437,02542
T,10.5,33437,02544
T,10.5,33438,02546
T,10.5,33438,02548
T,10.5,33439,02550
T,10.5,33440,02552
T,10.5,33440,02554
T,10.5,33441,02556
T,10.5,33441,02558
T,10.5,33442,02560
T,10.5,33442,02562
T,10.5,33443,02564
T,10.5,33443,02566
T,10.5,33444,02568
T,10.5,33444,02570
T,10.5,33445,02572
T,10.5,33445,02574
T,10.5,33446,02576
T,10.5,33446,02578
T,10.5,33447,02580
T,10.5,33448,02582
T,10.5,33448,02584
T,10.5,33449,02586
T,10.5,33449,02588
T,10.5,33450,02590
T,10.5,33450,02592
T,10.5,33451,02594
T,10.5,33451,02596
T,10.5,33452,02598
T,10.5,33452,02600
T,10.5,33453,02602
T,10.5,33453,02604
T,10.5,33454,02606
T,10.5,33454,02608
T,10.5,33455,02610
T,10.5,33456,02612
T,10.5,33456,02614
T,10.5,33457,02616
T,10.5,33457,02618
T,10.5,33458,02620
T,10.5,33458,02622
T,10.5,33459,02624
T,10.5,33459,02626
T,10.5,33460,02628
T,10.5,33460,02630
T,10.5,33461,02632
T,10.5,33461,02634
T,10.5,33462,02636
T,10.5,33462,02638
T,10.5,33463,02640
T,10.5,33464,02642
T,10.5,33464,02644
T,10.5,33465,02646
T,10.5,33465,02648
T,10.5,33466,02650
T,10.5,33466,02652
T,10.5,33467,02654
T,10.5,33467,02656
T,10.5,33468,02658
T,10.5,33468,02660
T,10.5,33469,02662
T,10.5,33469,02664
T,10.5,33470,02666
T,10.5,33470,02668
T,10.5,33471,02670
T,10.5,33471,02672
T,10.5,33472,02674
T,10.5,33473,02676
T,10.5,33473,02678
T,10.5,33474,02680
T,10.5,33474,02682
T,10.5,33475,02684
T,10.5,33475,02686
T,10.5,33476,02688
T,10.5,33476,02690
T,10.5,33477,02692
T,10.5,33477,02694
T,10.5,33478,02696
T,10.5,33478,02698
T,10.5,33479,02700
T,10.5,33479,02702
T,10.5,33480,02704
T,10.5,33480,02706
T,10.5,33481,02708
T,10.5,33482,02710
T,10.5,33482,02712
T,10.5,33483,02714
T,10.5,33483,02716
T,10.5,33484,02718
T,10.5,33484,02720
T,10.5,33485,02722
T,10.5,33485,02724
T,10.5,33486,02726
T,10.5,33486,02728
T,10.5,33487,02730
T,10.5,33487,02732
T,10.5,33488,02734
T,10.5,33488,02736
T,10.5,33489,02738
T,10.5,33489,02740
T,10.5,33490,02742
T,10.5,33490,02744
T,10.5,33491,02746
T,10.5,33492,02748
T,10.5,33492,02750
T,10.5,33493,02752
T,10.5,33493,02754
T,10.5,33494,02756
T,10.5,33494,02758
T,10.5,33495,02760
T,10.5,33495,02762
T,10.5,33496,02764
T,10.5,33496,02766
T,10.5,33497,02768
T,10.5,33497,02770
T,10.5,33498,02772
T,10.5,33498,02774
T,10.5,33499,02776
T,10.5,33499,02778
T,10.5,33500,02780
T,10.5,33500,02782
T,10.5,33501,02784
T,10.5,33501,02786
T,10.5,33502,02788
T,10.5,33503,02790
T,10.5,33503,02792
T,10.5,33504,02794
T,10.5,33504,02796
T,10.5,33505,02798
T,10.5,33505,02800
T,10.5,33506,02802
T,10.5,33506,02804
T,10.5,33507,02806
T,10.5,33507,02808
T,10.5,33508,02810
T,10.5,33508,02812
T,10.5,33509,02814
T,10.5,33509,02816
T,10.5,33510,02818
T,10.5,33510,02820
T,10.5,33511,02822
T,10.5,33511,02824
T,10.5,33512,02826
T,10.5,33512,02828
T,10.5,33513,02830
T,10.5,33513,02832
T,10.5,33514,02834
T,10.5,33515,02836
T,10.5,33515,02838
T,10.5,33516,02840
T,10.5,33516,02842
T,10.5,33517,02844
T,10.5,33517,02846
T,10.5,33518,02848
T,10.5,33518,02850
T,10.5,33519,02852
T,10.5,33519,02854
T,10.5,33520,02856
T,10.5,33520,02858
T,10.5,33521,02860
T,10.5,33521,02862
T,10.5,33522,02864
T,10.5,33522,02866
T,10.5,33523,02868
T,10.5,33523,02870
T,10.5,33524,02872
T,10.5,33524,02874
T,10.5,33525,02876
T,10.5,33525,02878
T,10.5,33526,02880
T,10.5,33526,02882
T,10.5,33527,02884
T,10.5,33527,02886
T,10.5,33528,02888
T,10.5,33529,02890
T,10.5,33529,02892
T,10.5,33530,02894
T,10.5,33530,02896
T,10.5,33531,02898
T,10.5,33531,02900
T,10.5,33532,02902
T,10.5,33532,02904
T,10.5,33533,02906
T,10.5,33533,02908
T,10.5,33534,02910
T,10.5,33534,02912
T,10.5,33535,02914
T,10.5,33535,02916
T,10.5,33536,02918
T,10.5,33536,02920
T,10.5,33537,02922
T,10.5,33537,02924
T,10.5,33538,02926
T,10.5,33538,02928
T,10.5,33539,02930
T,10.5,33539,02932
T,10.5,33540,02934
T,10.5,33541,02936
T,10.5,33541,02938
T,10.5,33542,02940
T,10.5,33542,02942
T,10.5,33543,02944
T,10.5,33543,02946
T,10.5,33544,02948
T,10.5,33544,02950
T,10.5,33545,02952
T,10.5,33545,02954
T,10.5,33546,02956
T,10.5,33546,02958
T,10.5,33547,02960
T,10.5,33547,02962
T,10.5,33548,02964
T,10.5,33548,02966
T,10.5,33549,02968
T,10.5,33549,02970
T,10.5,33550,02972
T,10.5,33550,02974
T,10.5,33551,02976
T,10.5,33551,02978
T,10.5,33552,02980
T,10.5,33553,02982
T,10.5,33553,02984
T,10.5,33554,02986
T,10.5,33554,02988
T,10.5,33555,02990
T,10.5,33555,02992
T,10.5,33556,02994
T,10.5,33556,02996
T,10.5,33557,02998
T,10.5,33557,03000
T,10.5,33558,03002
T,10.5,33558,03004
T,10.5,33559,03006
T,10.5,33559,03008
T,10.5,33560,03010
T,10.5,33560,03012
T,10.5,33561,03014
T,10.5,33561,03016
T,10.5,33562,03018
T,10.5,33562,03020
T,10.5,33563,03022
T,10.5,33564,03024
T,10.5,33564,03026
T,10.5,33565,03028
T,10.5,33565,03030
T,10.5,33566,03032
T,10.5,33566,03034
T,10.5,33567,03036
T,10.5,33567,03038
T,10.5,33568,03040
T,10.5,33568,03042
T,10.5,33569,03044
T,10.5,33569,03046
T,10.5,33570,03048
T,10.5,33570,03050
T,10.5,33571,03052
T,10.5,33571,03054
T,10.5,33572,03056
T,10.5,33572,03058
T,10.5,33573,03060
T,10.5,33573,03062
T,10.5,33574,03064
T,10.5,33575,03066
T,10.5,33575,03068
T,10.5,33576,03070
T,10.5,33576,03072
T,10.5,33577,03074
T,10.5,33577,03076
T,10.5,33578,03078
T,10.5,33578,03080
T,10.5,33579,03082
T,10.5,33579,03084
T,10.5,33580,03086
T,10.5,33580,03088
T,10.5,33581,03090
T,10.5,33581,03092
T,10.5,33582,03094
T,10.5,33582,03096
T,10.5,33583,03098
T,10.5,33584,03100
T,10.5,33584,03102
T,10.5,33585,03104
T,10.5,33585,03106
T,10.5,33586,03108
T,10.5,33586,03110
T,10.5,33587,03112
T,10.5,33587,03114
T,10.5,33588,03116
T,10.5,33588,03118
T,10.5,33589,03120
T,10.5,33589,03122
T,10.5,33590,03124
T,10.5,33590,03126
T,10.5,33591,03128
T,10.5,33591,03130
T,10.5,33592,03132
T,10.5,33592,03134
T,10.5,33593,03136
T,10.5,33594,03138
T,10.5,33594,03140
T,10.5,33595,03142
T,10.5,33595,03144
T,10.5,33596,03146
T,10.5,33596,03148
T,10.5,33597,03150
T,10.5,33597,03152
T,10.5,33598,03154
T,10.5,33598,03156
T,10.5,33599,03158
T,10.5,33599,03160
T,10.5,33600,03162
T,10.5,33600,03164
T,10.5,33601,03166
T,10.5,33601,03168
T,10.5,33602,03170
T,10.5,33602,03172
T,10.5,33603,03174
T,10.5,33604,03176
T,10.5,33604,03178
T,10.5,33605,03180
T,10.5,33605,03182
T,10.5,33606,03184
T,10.5,33606,03186
T,10.5,33607,03188
T,10.5,33607,03190
T,10.5,33608,03192
T,10.5,33608,03194
T,10.5,33609,03196
T,10.5,33609,03198
T,10.5,33610,03200
T,10.5,33610,03202
T,10.5,33611,03204
T,10.5,33612,03206
T,10.5,33612,03208
T,10.5,33613,03210
T,10.5,33613,03212
T,10.5,33614,03214
T,10.5,33614,03216
T,10.5,33615,03218
T,10.5,33615,03220
T,10.5,33616,03222
T,10.5,33616,03224
T,10.5,33617,03226
T,10.5,33617,03228
T,10.5,33618,03230
T,10.5,33618,03232
T,10.5,33619,03234
T,10.5,33620,03236
T,10.5,33620,03238
T,10.5,33621,03240
T,10.5,33621,03242
T,10.5,33622,03244
T,10.5,33622,03246
T,10.5,33623,03248
T,10.5,33623,03250
T,10.5,33624,03252
T,10.5,33624,03254
T,10.5,33625,03256
T,10.5,33625,03258
T,10.5,33626,03260
T,10.5,33627,03262
T,10.5,33627,03264
T,10.5,33628,03266
T,10.5,33628,03268
T,10.5,33629,03270
T,10.5,33629,03272
T,10.5,33630,03274
T,10.5,33630,03276
T,10.5,33631,03278
T,10.5,33631,03280
T,10.5,33632,03282
T,10.5,33632,03284
T,10.5,33633,03286
T,10.5,33634,03288
T,10.5,33634,03290
T,10.5,33635,03292
T,10.5,33635,03294
T,10.5,33636,03296
T,10.5,33636,03298
T,10.5,33637,03300
T,10.5,33637,03302
T,10.5,33638,03304
T,10.5,33638,03306
T,10.5,33639,03308
T,10.5,33639,03310
T,10.5,33640,03312
T,10.5,33641,03314
T,10.5,33641,03316
T,10.5,33642,03318
T,10.5,33642,03320
T,10.5,33643,03322
T,10.5,33643,03324
T,10.5,33644,03326
T,10.5,33644,03328
T,10.5,33645,03330
T,10.5,33645,03332
T,10.5,33646,03334
T,10.5,33646,03336
T,10.5,33647,03338
T,10.5,33647,03340
T,10.5,33648,03342
T,10.5,33649,03344
T,10.5,33649,03346
T,10.5,33650,03348
T,10.5,33650,03350
T,10.5,33651,03352
T,10.5,33651,03354
T,10.5,33652,03356
T,10.5,33652,03358
T,10.5,33653,03360
T,10.5,33653,03362
T,10.5,33654,03364
T,10.5,33655,03366
T,10.5,33655,03368
T,10.5,33656,03370
T,10.5,33656,03372
T,10.5,33657,03374
T,10.5,33657,03376
T,10.5,33658,03378
T,10.5,33658,03380
T,10.5,33659,03382
T,10.5,33659,03384
T,10.5,33660,03386
T,10.5,33661,03388
T,10.5,33661,03390
T,10.5,33662,03392
T,10.5,33662,03394
T,10.5,33663,03396
T,10.5,33663,03398
T,10.5,33664,03400
T,10.5,33664,03402
T,10.5,33665,03404
T,10.5,33665,03406
T,10.5,33666,03408
T,10.5,33666,03410
T,10.5,33667,03412
T,10.5,33668,03414
T,10.5,33668,03416
T,10.5,33669,03418
T,10.5,33669,03420
T,10.5,33670,03422
T,10.5,33670,03424
T,10.5,33671,03426
T,10.5,33671,03428
T,10.5,33672,03430
T,10.5,33672,03432
T,10.5,33673,03434
T,10.5,33673,03436
T,10.5,33674,03438
T,10.5,33675,03440
T,10.5,33675,03442
T,10.5,33676,03444
T,10.5,33676,03446
T,10.5,33677,03448
T,10.5,33677,03450
T,10.5,33678,03452
T,10.5,33678,03454
T,10.5,33679,03456
T,10.5,33679,03458
T,10.5,33680,03460
T,10.5,33680,03462
T,10.5,33681,03464
T,10.5,33682,03466
T,10.5,33682,03468
T,10.5,33683,03470
T,10.5,33683,03472
T,10.5,33684,03474
T,10.5,33684,03476
T,10.5,33685,03478
T,10.5,33685,03480
T,10.5,33686,03482
T,10.5,33686,03484
T,10.5,33687,03486
T,10.5,33687,03488
T,10.5,33688,03490
T,10.5,33689,03492
T,10.5,33689,03494
T,10.5,33690,03496
T,10.5,33690,03498
T,10.5,33691,03500
T,10.5,33691,03502
T,10.5,33692,03504
T,10.5,33692,03506
T,10.5,33693,03508
T,10.5,33693,03510
T,10.5,33694,03512
T,10.5,33695,03514
T,10.5,33695,03516
T,10.5,33696,03518
T,10.5,33696,03520
T,10.5,33697,03522
T,10.5,33697,03524
T,10.5,33698,03526
T,10.5,33698,03528
T,10.5,33699,03530
T,10.5,33699,03532
T,10.5,33700,03534
T,10.5,33701,03536
T,10.5,33701,03538
T,10.5,33702,03540
T,10.5,33702,03542
T,10.5,33703,03544
T,10.5,33703,03546
T,10.5,33704,03548
T,10.5,33704,03550
T,10.5,33705,03552
T,10.5,33705,03554
T,10.5,33706,03556
T,10.5,33706,03558
T,10.5,33707,03560
T,10.5,33708,03562
T,10.5,33708,03564
T,10.5,33709,03566
T,10.5,33709,03568
T,10.5,33710,03570
T,10.5,33710,03572
T,10.5,33711,03574
T,10.5,33711,03576
T,10.5,33712,03578
T,10.5,33712,03580
T,10.5,33713,03582
T,10.5,33713,03584
T,10.5,33714,03586
T,10.5,33715,03588
T,10.5,33715,03590
T,10.5,33716,03592
T,10.5,33716,03594
T,10.5,33717,03596
T,10.5,33717,03598
T,10.5,33718,03600
T,10.5,33718,03602
T,10.5,33719,03604
T,10.5,33719,03606
T,10.5,33720,03608
T,10.5,33721,03610
T,10.5,33721,03612
T,10.5,33722,03614
T,10.5,33722,03616
T,10.5,33723,03618
T,10.5,33723,03620
T,10.5,33724,03622
T,10.5,33724,03624
T,10.5,33725,03626
T,10.5,33725,03628
T,10.5,33726,03630
T,10.5,33727,03632
T,10.5,33727,03634
T,10.5,33728,03636
T,10.5,33728,03638
T,10.5,33729,03640
T,10.5,33729,03642
T,10.5,33730,03644
T,10.5,33730,03646
T,10.5,33731,03648
T,10.5,33731,03650
T,10.5,33732,03652
T,10.5,33733,03654
T,10.5,33733,03656
T,10.5,33734,03658
T,10.5,33734,03660
T,10.5,33735,03662
T,10.5,33735,03664
T,10.5,33736,03666
T,10.5,33736,03668
T,10.5,33737,03670
T,10.5,33737,03672
T,10.5,33738,03674
T,10.5,33739,03676
T,10.5,33739,03678
T,10.5,33740,03680
T,10.5,33740,03682
T,10.5,33741,03684
T,10.5,33741,03686
T,10.5,33742,03688
T,10.5,33742,03690
T,10.5,33743,03692
T,10.5,33743,03694
T,10.5,33744,03696
T,10.5,33744,03698
T,10.5,33745,03700
T,10.5,33746,03702
T,10.5,33746,03704
T,10.5,33747,03706
T,10.5,33747,03708
T,10.5,33748,03710
T,10.5,33748,03712
T,10.5,33749,03714
T,10.5,33749,03716
T,10.5,33750,03718
T,10.5,33750,03720
T,10.5,33751,03722
T,10.5,33752,03724
T,10.5,33752,03726
T,10.5,33753,03728
T,10.5,33753,03730
T,10.5,33754,03732
T,10.5,33754,03734
T,10.5,33755,03736
T,10.5,33755,03738
T,10.5,33756,03740
T,10.5,33756,03742
T,10.5,33757,03744
T,10.5,33757,03746
T,10.5,33758,03748
T,10.5,33758,03750
T,10.5,33759,03752
T,10.5,33760,03754
T,10.5,33760,03756
T,10.5,33761,03758
T,10.5,33761,03760
T,10.5,33762,03762
T,10.5,33762,03764
T,10.5,33763,03766
T,10.5,33763,03768
T,10.5,33764,03770
T,10.5,33764,03772
T,10.5,33765,03774
T,10.5,33766,03776
T,10.5,33766,03778
T,10.5,33767,03780
T,10.5,33767,03782
T,10.5,33768,03784
T,10.5,33768,03786
T,10.5,33769,03788
T,10.5,33769,03790
T,10.5,33770,03792
T,10.5,33770,03794
T,10.5,33771,03796
T,10.5,33771,03798
T,10.5,33772,03800
T,10.5,33773,03802
T,10.5,33773,03804
T,10.5,33774,03806
T,10.5,33774,03808
T,10.5,33775,03810
T,10.5,33775,03812
T,10.5,33776,03814
T,10.5,33776,03816
T,10.5,33777,03818
T,10.5,33777,03820
T,10.5,33778,03822
T,10.5,33778,03824
T,10.5,33779,03826
T,10.5,33779,03828
T,10.5,33780,03830
T,10.5,33781,03832
T,10.5,33781,03834
T,10.5,33782,03836
T,10.5,33782,03838
T,10.5,33783,03840
T,10.5,33783,03842
T,10.5,33784,03844
T,10.5,33784,03846
T,10.5,33785,03848
T,10.5,33785,03850
T,10.5,33786,03852
T,10.5,33786,03854
T,10.5,33787,03856
T,10.5,33788,03858
T,10.5,33788,03860
T,10.5,33789,03862
T,10.5,33789,03864
T,10.5,33790,03866
T,10.5,33790,03868
T,10.5,33791,03870
T,10.5,33791,03872
T,10.5,33792,03874
T,10.5,33792,03876
T,10.5,33793,03878
T,10.5,33794,03880
T,10.5,33794,03882
T,10.5,33795,03884
T,10.5,33795,03886
T,10.5,33796,03888
T,10.5,33796,03890
T,10.5,33797,03892
T,10.5,33797,03894
T,10.5,33798,03896
T,10.5,33798,03898
T,10.5,33799,03900
T,10.5,33799,03902
T,10.5,33800,03904
T,10.5,33801,03906
T,10.5,33801,03908
T,10.5,33802,03910
T,10.5,33802,03912
T,10.5,33803,03914
T,10.5,33803,03916
T,10.5,33804,03918
T,10.5,33804,03920
T,10.5,33805,03922
T,10.5,33805,03924
T,10.5,33806,03926
T,10.5,33806,03928
T,10.5,33807,03930
T,10.5,33808,03932
T,10.5,33808,03934
T,10.5,33809,03936
T,10.5,33809,03938
T,10.5,33810,03940
T,10.5,33810,03942
T,10.5,33811,03944
T,10.5,33811,03946
T,10.5,33812,03948
T,10.5,33812,03950
T,10.5,33813,03952
T,10.5,33814,03954
T,10.5,33814,03956
T,10.5,33815,03958
T,10.5,33815,03960
T,10.5,33816,03962
T,10.5,33816,03964
T,10.5,33817,03966
T,10.5,33817,03968
T,10.5,33818,03970
T,10.5,33818,03972
T,10.5,33819,03974
T,10.5,33819,03976
T,10.5,33820,03978
T,10.5,33821,03980
T,10.5,33821,03982
T,10.5,33822,03984
T,10.5,33822,03986
T,10.5,33823,03988
T,10.5,33823,03990
T,10.5,33824,03992
T,10.5,33824,03994
T,10.5,33825,03996
T,10.5,33825,03998
T,10.5,33826,04000
T,10.5,33827,04002
T,10.5,33827,04004
T,10.5,33828,04006
T,10.5,33828,04008
T,10.5,33829,04010
T,10.5,33829,04012
T,10.5,33830,04014
T,10.5,33830,04016
T,10.5,33831,04018
T,10.5,33831,04020
T,10.5,33832,04022
T,10.5,33832,04024
T,10.5,33833,04026
T,10.5,33834,04028
T,10.5,33834,04030
T,10.5,33835,04032
T,10.5,33835,04034
T,10.5,33836,04036
T,10.5,33836,04038
T,10.5,33837,04040
T,10.5,33837,04042
T,10.5,33838,04044
T,10.5,33838,04046
T,10.5,33839,04048
T,10.5,33839,04050
T,10.5,33840,04052
T,10.5,33841,04054
T,10.5,33841,04056
T,10.5,33842,04058
T,10.5,33842,04060
T,10.5,33843,04062
T,10.5,33843,04064
T,10.5,33844,04066
T,10.5,33844,04068
T,10.5,33845,04070
T,10.5,33845,04072
T,10.5,33846,04074
T,10.5,33846,04076
T,10.5,33847,04078
T,10.5,33848,04080
T,10.5,33848,04082
T,10.5,33849,04084
T,10.5,33849,04086
T,10.5,33850,04088
T,10.5,33850,04090
T,10.5,33851,04092
T,10.5,33851,04094
T,10.5,33852,04096
T,10.5,33852,04098
T,10.5,33853,04100
T,10.5,33853,04102
T,10.5,33854,04104
T,10.5,33855,04106
T,10.5,33855,04108
T,10.5,33856,04110
T,10.5,33856,04112
T,10.5,33857,04114
T,10.5,33857,04116
T,10.5,33858,04118
T,10.5,33858,04120
T,10.5,33859,04122
T,10.5,33859,04124
T,10.5,33860,04126
T,10.5,33860,04128
T,10.5,33861,04130
T,10.5,33861,04132
T,10.5,33862,04134
T,10.5,33863,04136
T,10.5,33863,04138
T,10.5,33864,04140
T,10.5,33864,04142
T,10.5,33865,04144
T,10.5,33865,04146
T,10.5,33866,04148
T,10.5,33866,04150
T,10.5,33867,04152
T,10.5,33867,04154
T,10.5,33868,04156
T,10.5,33868,04158
T,10.5,33869,04160
T,10.5,33869,04162
T,10.5,33870,04164
T,10.5,33871,04166
T,10.5,33871,04168
T,10.5,33872,04170
T,10.5,33872,04172
T,10.5,33873,04174
T,10.5,33873,04176
T,10.5,33874,04178
T,10.5,33874,04180
T,10.5,33875,04182
T,10.5,33875,04184
T,10.5,33876,04186
T,10.5,33876,04188
T,10.5,33877,04190
T,10.5,33878,04192
T,10.5,33878,04194
T,10.5,33879,04196
T,10.5,33879,04198
T,10.5,33880,04200
T,10.5,33880,04202
T,10.5,33881,04204
T,10.5,33881,04206
T,10.5,33882,04208
T,10.5,33882,04210
T,10.5,33883,04212
T,10.5,33883,04214
T,10.5,33884,04216
T,10.5,33884,04218
T,10.5,33885,04220
T,10.5,33886,04222
T,10.5,33886,04224
T,10.5,33887,04226
T,10.5,33887,04228
T,10.5,33888,04230
T,10.5,33888,04232
T,10.5,33889,04234
T,10.5,33889,04236
T,10.5,33890,04238
T,10.5,33890,04240
T,10.5,33891,04242
T,10.5,33891,04244
T,10.5,33892,04246
T,10.5,33892,04248
T,10.5,33893,04250
T,10.5,33894,04252
T,10.5,33894,04254
T,10.5,33895,04256
T,10.5,33895,04258
T,10.5,33896,04260
T,10.5,33896,04262
T,10.5,33897,04264
T,10.5,33897,04266
T,10.5,33898,04268
T,10.5,33898,04270
T,10.5,33899,04272
T,10.5,33899,04274
T,10.5,33900,04276
T,10.5,33900,04278
T,10.5,33901,04280
T,10.5,33902,04282
T,10.5,33902,04284
T,10.5,33903,04286
T,10.5,33903,04288
T,10.5,33904,04290
T,10.5,33904,04292
T,10.5,33905,04294
T,10.5,33905,04296
T,10.5,33906,04298
T,10.5,33906,04300
T,10.5,33907,04302
T,10.5,33907,04304
T,10.5,33908,04306
T,10.5,33908,04308
T,10.5,33909,04310
T,10.5,33910,04312
T,10.5,33910,04314
T,10.5,33911,04316
T,10.5,33911,04318
T,10.5,33912,04320
T,10.5,33912,04322
T,10.5,33913,04324
T,10.5,33913,04326
T,10.5,33914,04328
T,10.5,33914,04330
T,10.5,33915,04332
T,10.5,33915,04334
T,10.5,33916,04336
T,10.5,33916,04338
T,10.5,33917,04340
T,10.5,33918,04342
T,10.5,33918,04344
T,10.5,33919,04346
T,10.5,33919,04348
T,10.5,33920,04350
T,10.5,33920,04352
T,10.5,33921,04354
T,10.5,33921,04356
T,10.5,33922,04358
T,10.5,33922,04360
T,10.5,33923,04362
T,10.5,33923,04364
T,10.5,33924,04366
T,10.5,33924,04368
T,10.5,33925,04370
T,10.5,33926,04372
T,10.5,33926,04374
T,10.5,33927,04376
T,10.5,33927,04378
T,10.5,33928,04380
T,10.5,33928,04382
T,10.5,33929,04384
T,10.5,33929,04386
T,10.5,33930,04388
T,10.5,33930,04390
T,10.5,33931,04392
T,10.5,33931,04394
T,10.5,33932,04396
T,10.5,33932,04398
T,10.5,33933,04400
T,10.5,33933,04402
T,10.5,33934,04404
T,10.5,33935,04406
T,10.5,33935,04408
T,10.5,33936,04410
T,10.5,33936,04412
T,10.5,33937,04414
T,10.5,33937,04416
T,10.5,33938,04418
T,10.5,33938,04420
T,10.5,33939,04422
T,10.5,33939,04424
T,10.5,33940,04426
T,10.5,33940,04428
T,10.5,33941,04430
T,10.5,33941,04432
T,10.5,33942,04434
T,10.5,33942,04436
T,10.5,33943,04438
T,10.5,33943,04440
T,10.5,33944,04442
T,10.5,33944,04444
T,10.5,33945,04446
T,10.5,33946,04448
T,10.5,33946,04450
T,10.5,33947,04452
T,10.5,33947,04454
T,10.5,33948,04456
T,10.5,33948,04458
T,10.5,33949,04460
T,10.5,33949,04462
T,10.5,33950,04464
T,10.5,33950,04466
T,10.5,33951,04468
T,10.5,33951,04470
T,10.5,33952,04472
T,10.5,33952,04474
T,10.5,33953,04476
T,10.5,33953,04478
T,10.5,33954,04480
T,10.5,33954,04482
T,10.5,33955,04484
T,10.5,33955,04486
T,10.5,33956,04488
T,10.5,33957,04490
T,10.5,33957,04492
T,10.5,33958,04494
T,10.5,33958,04496
T,10.5,33959,04498
T,10.5,33959,04500
T,10.5,33960,04502
T,10.5,33960,04504
T,10.5,33961,04506
T,10.5,33961,04508
T,10.5,33962,04510
T,10.5,33962,04512
T,10.5,33963,04514
T,10.5,33963,04516
T,10.5,33964,04518
T,10.5,33964,04520
T,10.5,33965,04522
T,10.5,33965,04524
T,10.5,33966,04526
T,10.5,33966,04528
T,10.5,33967,04530
T,10.5,33967,04532
T,10.5,33968,04534
T,10.5,33968,04536
T,10.5,33969,04538
T,10.5,33970,04540
T,10.5,33970,04542
T,10.5,33971,04544
T,10.5,33971,04546
T,10.5,33972,04548
T,10.5,33972,04550
T,10.5,33973,04552
T,10.5,33973,04554
T,10.5,33974,04556
T,10.5,33974,04558
T,10.5,33975,04560
T,10.5,33975,04562
T,10.5,33976,04564
T,10.5,33976,04566
T,10.5,33977,04568
T,10.5,33977,04570
T,10.5,33978,04572
T,10.5,33978,04574
T,10.5,33979,04576
T,10.5,33979,04578
T,10.5,33980,04580
T,10.5,33980,04582
T,10.5,33981,04584
T,10.5,33981,04586
T,10.5,33982,04588
T,10.5,33983,04590
T,10.5,33983,04592
T,10.5,33984,04594
T,10.5,33984,04596
T,10.5,33985,04598
T,10.5,33985,04600
T,10.5,33986,04602
T,10.5,33986,04604
T,10.5,33987,04606
T,10.5,33987,04608
T,10.5,33988,04610
T,10.5,33988,04612
T,10.5,33989,04614
T,10.5,33989,04616
T,10.5,33990,04618
T,10.5,33990,04620
T,10.5,33991,04622
T,10.5,33991,04624
T,10.5,33992,04626
T,10.5,33993,04628
T,10.5,33993,04630
T,10.5,33994,04632
T,10.5,33994,04634
T,10.5,33995,04636
T,10.5,33995,04638
T,10.5,33996,04640
T,10.5,33996,04642
T,10.5,33997,04644
T,10.5,33997,04646
T,10.5,33998,04648
T,10.5,33998,04650
T,10.5,33999,04652
T,10.5,33999,04654
T,10.5,34000,04656
T,10.5,34000,04658
T,10.5,34001,04660
T,10.5,34001,04662
T,10.5,34002,04664
T,10.5,34002,04666
T,10.5,34003,04668
T,10.5,34004,04670
T,10.5,34004,04672
T,10.5,34005,04674
T,10.5,34005,04676
T,10.5,34006,04678
T,10.5,34006,04680
T,10.5,34007,04682
T,10.5,34007,04684
T,10.5,34008,04686
T,10.5,34008,04688
T,10.5,34009,04690
T,10.5,34009,04692
T,10.5,34010,04694
T,10.5,34010,04696
T,10.5,34011,04698
T,10.5,34011,04700
T,10.5,34012,04702
T,10.5,34012,04704
T,10.5,34013,04706
T,10.5,34013,04708
T,10.5,34014,04710
T,10.5,34014,04712
T,10.5,34015,04714
T,10.5,34016,04716
T,10.5,34016,04718
T,10.5,34017,04720
T,10.5,34017,04722
T,10.5,34018,04724
T,10.5,34018,04726
T,10.5,34019,04728
T,10.5,34019,04730
T,10.5,34020,04732
T,10.5,34020,04734
T,10.5,34021,04736
T,10.5,34021,04738
T,10.5,34022,04740
T,10.5,34022,04742
T,10.5,34023,04744
T,10.5,34023,04746
T,10.5,34024,04748
T,10.5,34024,04750
T,10.5,34025,04752
T,10.5,34025,04754
T,10.5,34026,04756
T,10.5,34027,04758
T,10.5,34027,04760
T,10.5,34028,04762
T,10.5,34028,04764
T,10.5,34029,04766
T,10.5,34029,04768
T,10.5,34030,04770
T,10.5,34030,04772
T,10.5,34031,04774
T,10.5,34031,04776
T,10.5,34032,04778
T,10.5,34032,04780
T,10.5,34033,04782
T,10.5,34033,04784
T,10.5,34034,04786
T,10.5,34034,04788
T,10.5,34035,04790
T,10.5,34036,04792
T,10.5,34036,04794
T,10.5,34037,04796
T,10.5,34037,04798
T,10.5,34038,04800
T,10.5,34038,04802
T,10.5,34039,04804
T,10.5,34039,04806
T,10.5,34040,04808
T,10.5,34040,04810
T,10.5,34041,04812
T,10.5,34041,04814
T,10.5,34042,04816
T,10.5,34042,04818
T,10.5,34043,04820
T,10.5,34043,04822
T,10.5,34044,04824
T,10.5,34044,04826
T,10.5,34045,04828
T,10.5,34046,04830
T,10.5,34046,04832
T,10.5,34047,04834
T,10.5,34047,04836
T,10.5,34048,04838
T,10.5,34048,04840
T,10.5,34049,04842
T,10.5,34049,04844
T,10.5,34050,04846
T,10.5,34050,04848
T,10.5,34051,04850
T,10.5,34051,04852
T,10.5,34052,04854
T,10.5,34052,04856
T,10.5,34053,04858
T,10.5,34053,04860
T,10.5,34054,04862
T,10.5,34055,04864
T,10.5,34055,04866
T,10.5,34056,04868
T,10.5,34056,04870
T,10.5,34057,04872
T,10.5,34057,04874
T,10.5,34058,04876
T,10.5,34058,04878
T,10.5,34059,04880
T,10.5,34059,04882
T,10.5,34060,04884
T,10.5,34060,04886
T,10.5,34061,04888
T,10.5,34061,04890
T,10.5,34062,04892
T,10.5,34063,04894
T,10.5,34063,04896
T,10.5,34064,04898
T,10.5,34064,04900
T,10.5,34065,04902
T,10.5,34065,04904
T,10.5,34066,04906
T,10.5,34066,04908
T,10.5,34067,04910
T,10.5,34067,04912
T,10.5,34068,04914
T,10.5,34068,04916
T,10.5,34069,04918
T,10.5,34070,04920
T,10.5,34070,04922
T,10.5,34071,04924
T,10.5,34071,04926
T,10.5,34072,04928
T,10.5,34072,04930
T,10.5,34073,04932
T,10.5,34073,04934
T,10.5,34074,04936
T,10.5,34074,04938
T,10.5,34075,04940
T,10.5,34075,04942
T,10.5,34076,04944
T,10.5,34076,04946
T,10.5,34077,04948
T,10.5,34078,04950
T,10.5,34078,04952
T,10.5,34079,04954
T,10.5,34079,04956
T,10.5,34080,04958
T,10.5,34080,04960
T,10.5,34081,04962
T,10.5,34081,04964
T,10.5,34082,04966
T,10.5,34082,04968
T,10.5,34083,04970
T,10.5,34083,04972
T,10.5,34084,04974
T,10.5,34085,04976
T,10.5,34085,04978
T,10.5,34086,04980
T,10.5,34086,04982
T,10.5,34087,04984
T,10.5,34087,04986
T,10.5,34088,04988
T,10.5,34088,04990
T,10.5,34089,04992
T,10.5,34089,04994
T,10.5,34090,04996
T,10.5,34090,04998
T,10.5,34091,05000
T,10.5,34092,05002
T,10.5,34092,05004
T,10.5,34093,05006
T,10.5,34093,05008
T,10.5,34094,05010
T,10.5,34094,05012
T,10.5,34095,05014
T,10.5,34095,05016
T,10.5,34096,05018
T,10.5,34096,05020
T,10.5,34097,05022
T,10.5,34097,05024
T,10.5,34098,05026
T,10.5,34099,05028
T,10.5,34099,05030
T,10.5,34100,05032
T,10.5,34100,05034
T,10.5,34101,05036
T,10.5,34101,05038
T,10.5,34102,05040
T,10.5,34102,05042
T,10.5,34103,05044
T,10.5,34103,05046
T,10.5,34104,05048
T,10.5,34104,05050
T,10.5,34105,05052
T,10.5,34106,05054
T,10.5,34106,05056
T,10.5,34107,05058
T,10.5,34107,05060
T,10.5,34108,05062
T,10.5,34108,05064
T,10.5,34109,05066
T,10.5,34109,05068
T,10.5,34110,05070
T,10.5,34110,05072
T,10.5,34111,05074
T,10.5,34112,05076
T,10.5,34112,05078
T,10.5,34113,05080
T,10.5,34113,05082
T,10.5,34114,05084
T,10.5,34114,05086
T,10.5,34115,05088
T,10.5,34115,05090
T,10.5,34116,05092
T,10.5,34116,05094
T,10.5,34117,05096
T,10.5,34118,05098
T,10.5,34118,05100
T,10.5,34119,05102
T,10.5,34119,05104
T,10.5,34120,05106
T,10.5,34120,05108
T,10.5,34121,05110
T,10.5,34121,05112
T,10.5,34122,05114
T,10.5,34122,05116
T,10.5,34123,05118
T,10.5,34123,05120
T,10.5,34124,05122
T,10.5,34124,05124
T,10.5,34125,05126
T,10.5,34126,05128
T,10.5,34126,05130
T,10.5,34127,05132
T,10.5,34127,05134
T,10.5,34128,05136
T,10.5,34128,05138
T,10.5,34129,05140
T,10.5,34129,05142
T,10.5,34130,05144
T,10.5,34130,05146
T,10.5,34131,05148
T,10.5,34132,05150
T,10.5,34132,05152
T,10.5,34133,05154
T,10.5,34133,05156
T,10.5,34134,05158
T,10.5,34134,05160
T,10.5,34135,05162
T,10.5,34135,05164
T,10.5,34136,05166
T,10.5,34136,05168
T,10.5,34137,05170
T,10.5,34137,05172
T,10.5,34138,05174
T,10.5,34139,05176
T,10.5,34139,05178
T,10.5,34140,05180
T,10.5,34140,05182
T,10.5,34141,05184
T,10.5,34141,05186
T,10.5,34142,05188
T,10.5,34142,05190
T,10.5,34143,05192
T,10.5,34143,05194
T,10.5,34144,05196
T,10.5,34145,05198
T,10.5,34145,05200
T,10.5,34146,05202
T,10.5,34146,05204
T,10.5,34147,05206
T,10.5,34147,05208
T,10.5,34148,05210
T,10.5,34148,05212
T,10.5,34149,05214
T,10.5,34149,05216
T,10.5,34150,05218
T,10.5,34151,05220
T,10.5,34151,05222
T,10.5,34152,05224
T,10.5,34152,05226
T,10.5,34153,05228
T,10.5,34153,05230
T,10.5,34154,05232
T,10.5,34154,05234
T,10.5,34155,05236
T,10.5,34155,05238
T,10.5,34156,05240
T,10.5,34157,05242
T,10.5,34157,05244
T,10.5,34158,05246
T,10.5,34158,05248
T,10.5,34159,05250
T,10.5,34159,05252
T,10.5,34160,05254
T,10.5,34160,05256
T,10.5,34161,05258
T,10.5,34161,05260
T,10.5,34162,05262
T,10.5,34162,05264
T,10.5,34163,05266
T,10.5,34164,05268
T,10.5,34164,05270
T,10.5,34165,05272
T,10.5,34165,05274
T,10.5,34166,05276
T,10.5,34166,05278
T,10.5,34167,05280
T,10.5,34167,05282
T,10.5,34168,05284
T,10.5,34168,05286
T,10.5,34169,05288
T,10.5,34170,05290
T,10.5,34170,05292
T,10.5,34171,05294
T,10.5,34171,05296
T,10.5,34172,05298
T,10.5,34172,05300
T,10.5,34173,05302
T,10.5,34173,05304
T,10.5,34174,05306
T,10.5,34175,05308
T,10.5,34175,05310
T,10.5,34176,05312
T,10.5,34176,05314
T,10.5,34177,05316
T,10.5,34177,05318
T,10.5,34178,05320
T,10.5,34178,05322
T,10.5,34179,05324
T,10.5,34179,05326
T,10.5,34180,05328
T,10.5,34180,05330
T,10.5,34181,05332
T,10.5,34182,05334
T,10.5,34182,05336
T,10.5,34183,05338
T,10.5,34183,05340
T,10.5,34184,05342
T,10.5,34184,05344
T,10.5,34185,05346
T,10.5,34185,05348
T,10.5,34186,05350
T,10.5,34186,05352
T,10.5,34187,05354
T,10.5,34188,05356
T,10.5,34188,05358
T,10.5,34189,05360
T,10.5,34189,05362
T,10.5,34190,05364
T,10.5,34190,05366
T,10.5,34191,05368
T,10.5,34191,05370
T,10.5,34192,05372
T,10.5,34192,05374
T,10.5,34193,05376
T,10.5,34193,05378
T,10.5,34194,05380
T,10.5,34195,05382
T,10.5,34195,05384
T,10.5,34196,05386
T,10.5,34196,05388
T,10.5,34197,05390
T,10.5,34197,05392
T,10.5,34198,05394
T,10.5,34198,05396
T,10.5,34199,05398
T,10.5,34199,05400
T,10.5,34200,05402
T,10.5,34200,05404
T,10.5,34201,05406
T,10.5,34202,05408
T,10.5,34202,05410
T,10.5,34203,05412
T,10.5,34203,05414
T,10.5,34204,05416
T,10.5,34204,05418
T,10.5,34205,05420
T,10.5,34205,05422
T,10.5,34206,05424
T,10.5,34206,05426
T,10.5,34207,05428
T,10.5,34208,05430
T,10.5,34208,05432
T,10.5,34209,05434
T,10.5,34209,05436
T,10.5,34210,05438
T,10.5,34210,05440
T,10.5,34211,05442
T,10.5,34211,05444
T,10.5,34212,05446
T,10.5,34212,05448
T,10.5,34213,05450
T,10.5,34213,05452
T,10.5,34214,05454
T,10.5,34215,05456
T,10.5,34215,05458
T,10.5,34216,05460
T,10.5,34216,05462
T,10.5,34217,05464
T,10.5,34217,05466
T,10.5,34218,05468
T,10.5,34218,05470
T,10.5,34219,05472
T,10.5,34219,05474
T,10.5,34220,05476
T,10.5,34220,05478
T,10.5,34221,05480
T,10.5,34222,05482
T,10.5,34222,05484
T,10.5,34223,05486
T,10.5,34223,05488
T,10.5,34224,05490
T,10.5,34224,05492
T,10.5,34225,05494
T,10.5,34225,05496
T,10.5,34226,05498
T,10.5,34226,05500
T,10.5,34227,05502
T,10.5,34227,05504
T,10.5,34228,05506
T,10.5,34229,05508
T,10.5,34229,05510
T,10.5,34230,05512
T,10.5,34230,05514
T,10.5,34231,05516
T,10.5,34231,05518
T,10.5,34232,05520
T,10.5,34232,05522
T,10.5,34233,05524
T,10.5,34233,05526
T,10.5,34234,05528
T,10.5,34234,05530
T,10.5,34235,05532
T,10.5,34236,05534
T,10.5,34236,05536
T,10.5,34237,05538
T,10.5,34237,05540
T,10.5,34238,05542
T,10.5,34238,05544
T,10.5,34239,05546
T,10.5,34239,05548
T,10.5,34240,05550
T,10.5,34240,05552
T,10.5,34241,05554
T,10.5,34241,05556
T,10.5,34242,05558
T,10.5,34243,05560
T,10.5,34243,05562
T,10.5,34244,05564
T,10.5,34244,05566
T,10.5,34245,05568
T,10.5,34245,05570
T,10.5,34246,05572
T,10.5,34246,05574
T,10.5,34247,05576
T,10.5,34247,05578
T,10.5,34248,05580
T,10.5,34248,05582
T,10.5,34249,05584
T,10.5,34250,05586
T,10.5,34250,05588
T,10.5,34251,05590
T,10.5,34251,05592
T,10.5,34252,05594
T,10.5,34252,05596
T,10.5,34253,05598
T,10.5,34253,05600
T,10.5,34254,05602
T,10.5,34254,05604
T,10.5,34255,05606
T,10.5,34256,05608
T,10.5,34256,05610
T,10.5,34257,05612
T,10.5,34257,05614
T,10.5,34258,05616
T,10.5,34258,05618
T,10.5,34259,05620
T,10.5,34259,05622
T,10.5,34260,05624
T,10.5,34260,05626
T,10.5,34261,05628
T,10.5,34262,05630
T,10.5,34262,05632
T,10.5,34263,05634
T,10.5,34263,05636
T,10.5,34264,05638
T,10.5,34264,05640
T,10.5,34265,05642
T,10.5,34265,05644
T,10.5,34266,05646
T,10.5,34266,05648
T,10.5,34267,05650
T,10.5,34268,05652
T,10.5,34268,05654
T,10.5,34269,05656
T,10.5,34269,05658
T,10.5,34270,05660
T,10.5,34270,05662
T,10.5,34271,05664
T,10.5,34271,05666
T,10.5,34272,05668
T,10.5,34272,05670
T,10.5,34273,05672
T,10.5,34273,05674
T,10.5,34274,05676
T,10.5,34274,05678
T,10.5,34275,05680
T,10.5,34276,05682
T,10.5,34276,05684
T,10.5,34277,05686
T,10.5,34277,05688
T,10.5,34278,05690
T,10.5,34278,05692
T,10.5,34279,05694
T,10.5,34279,05696
T,10.5,34280,05698
T,10.5,34280,05700
T,10.5,34281,05702
T,10.5,34282,05704
T,10.5,34282,05706
T,10.5,34283,05708
T,10.5,34283,05710
T,10.5,34284,05712
T,10.5,34284,05714
T,10.5,34285,05716
T,10.5,34285,05718
T,10.5,34286,05720
T,10.5,34286,05722
T,10.5,34287,05724
T,10.5,34287,05726
T,10.5,34288,05728
T,10.5,34289,05730
T,10.5,34289,05732
T,10.5,34290,05734
T,10.5,34290,05736
T,10.5,34291,05738
T,10.5,34291,05740
T,10.5,34292,05742
T,10.5,34292,05744
T,10.5,34293,05746
T,10.5,34293,05748
T,10.5,34294,05750
T,10.5,34295,05752
T,10.5,34295,05754
T,10.5,34296,05756
T,10.5,34296,05758
T,10.5,34297,05760
T,10.5,34297,05762
T,10.5,34298,05764
T,10.5,34298,05766
T,10.5,34299,05768
T,10.5,34299,05770
T,10.5,34300,05772
T,10.5,34300,05774
T,10.5,34301,05776
T,10.5,34301,05778
T,10.5,34302,05780
T,10.5,34303,05782
T,10.5,34303,05784
T,10.5,34304,05786
T,10.5,34304,05788
T,10.5,34305,05790
T,10.5,34305,05792
T,10.5,34306,05794
T,10.5,34306,05796
T,10.5,34307,05798
T,10.5,34307,05800
T,10.5,34308,05802
T,10.5,34308,05804
T,10.5,34309,05806
T,10.5,34310,05808
T,10.5,34310,05810
T,10.5,34311,05812
T,10.5,34311,05814
T,10.5,34312,05816
T,10.5,34312,05818
T,10.5,34313,05820
T,10.5,34313,05822
T,10.5,34314,05824
T,10.5,34314,05826
T,10.5,34315,05828
T,10.5,34315,05830
T,10.5,34316,05832
T,10.5,34316,05834
T,10.5,34317,05836
T,10.5,34317,05838
T,10.5,34318,05840
T,10.5,34319,05842
T,10.5,34319,05844
T,10.5,34320,05846
T,10.5,34320,05848
T,10.5,34321,05850
T,10.5,34321,05852
T,10.5,34322,05854
T,10.5,34322,05856
T,10.5,34323,05858
T,10.5,34323,05860
T,10.5,34324,05862
T,10.5,34324,05864
T,10.5,34325,05866
T,10.5,34326,05868
T,10.5,34326,05870
T,10.5,34327,05872
T,10.5,34327,05874
T,10.5,34328,05876
T,10.5,34328,05878
T,10.5,34329,05880
T,10.5,34329,05882
T,10.5,34330,05884
T,10.5,34330,05886
T,10.5,34331,05888
T,10.5,34331,05890
T,10.5,34332,05892
T,10.5,34333,05894
T,10.5,34333,05896
T,10.5,34334,05898
T,10.5,34334,05900
T,10.5,34335,05902
T,10.5,34335,05904
T,10.5,34336,05906
T,10.5,34336,05908
T,10.5,34337,05910
T,10.5,34337,05912
T,10.5,34338,05914
T,10.5,34338,05916
T,10.5,34339,05918
T,10.5,34340,05920
T,10.5,34340,05922
T,10.5,34341,05924
T,10.5,34341,05926
T,10.5,34342,05928
T,10.5,34342,05930
T,10.5,34343,05932
T,10.5,34343,05934
T,10.5,34344,05936
T,10.5,34344,05938
T,10.5,34345,05940
T,10.5,34345,05942
T,10.5,34346,05944
T,10.5,34346,05946
T,10.5,34347,05948
T,10.5,34347,05950
T,10.5,34348,05952
T,10.5,34349,05954
T,10.5,34349,05956
T,10.5,34350,05958
T,10.5,34350,05960
T,10.5,34351,05962
T,10.5,34351,05964
T,10.5,34352,05966
T,10.5,34352,05968
T,10.5,34353,05970
T,10.5,34353,05972
T,10.5,34354,05974
T,10.5,34354,05976
T,10.5,34355,05978
T,10.5,34356,05980
T,10.5,34356,05982
T,10.5,34357,05984
T,10.5,34357,05986
T,10.5,34358,05988
T,10.5,34358,05990
T,10.5,34359,05992
T,10.5,34359,05994
T,10.5,34360,05996
T,10.5,34360,05998
T,10.5,34361,06000
T,10.5,34361,06002
T,10.5,34362,06004
T,10.5,34362,06006
T,10.5,34363,06008
T,10.5,34364,06010
T,10.5,34364,06012
T,10.5,34365,06014
T,10.5,34365,06016
T,10.5,34366,06018
T,10.5,34366,06020
T,10.5,34367,06022
T,10.5,34367,06024
T,10.5,34368,06026
T,10.5,34368,06028
T,10.5,34369,06030
T,10.5,34369,06032
T,10.5,34370,06034
T,10.5,34370,06036
T,10.5,34371,06038
T,10.5,34371,06040
T,10.5,34372,06042
T,10.5,34373,06044
T,10.5,34373,06046
T,10.5,34374,06048
T,10.5,34374,06050
T,10.5,34375,06052
T,10.5,34375,06054
T,10.5,34376,06056
T,10.5,34376,06058
T,10.5,34377,06060
T,10.5,34377,06062
T,10.5,34378,06064
T,10.5,34378,06066
T,10.5,34379,06068
T,10.5,34379,06070
T,10.5,34380,06072
T,10.5,34381,06074
T,10.5,34381,06076
T,10.5,34382,06078
T,10.5,34382,06080
T,10.5,34383,06082
T,10.5,34383,06084
T,10.5,34384,06086
T,10.5,34384,06088
T,10.5,34385,06090
T,10.5,34385,06092
T,10.5,34386,06094
T,10.5,34386,06096
T,10.5,34387,06098
T,10.5,34387,06100
T,10.5,34388,06102
T,10.5,34388,06104
T,10.5,34389,06106
T,10.5,34389,06108
T,10.5,34390,06110
T,10.5,34391,06112
T,10.5,34391,06114
T,10.5,34392,06116
T,10.5,34392,06118
T,10.5,34393,06120
T,10.5,34393,06122
T,10.5,34394,06124
T,10.5,34394,06126
T,10.5,34395,06128
T,10.5,34395,06130
T,10.5,34396,06132
T,10.5,34396,06134
T,10.5,34397,06136
T,10.5,34397,06138
T,10.5,34398,06140
T,10.5,34398,06142
T,10.5,34399,06144
T,10.5,34399,06146
T,10.5,34400,06148
T,10.5,34400,06150
T,10.5,34401,06152
T,10.5,34402,06154
T,10.5,34402,06156
T,10.5,34403,06158
T,10.5,34403,06160
T,10.5,34404,06162
T,10.5,34404,06164
T,10.5,34405,06166
T,10.5,34405,06168
T,10.5,34406,06170
T,10.5,34406,06172
T,10.5,34407,06174
T,10.5,34407,06176
T,10.5,34408,06178
T,10.5,34408,06180
T,10.5,34409,06182
T,10.5,34409,06184
T,10.5,34410,06186
T,10.5,34410,06188
T,10.5,34411,06190
T,10.5,34411,06192
T,10.5,34412,06194
T,10.5,34412,06196
T,10.5,34413,06198
T,10.5,34414,06200
T,10.5,34414,06202
T,10.5,34415,06204
T,10.5,34415,06206
T,10.5,34416,06208
T,10.5,34416,06210
T,10.5,34417,06212
T,10.5,34417,06214
T,10.5,34418,06216
T,10.5,34418,06218
T,10.5,34419,06220
T,10.5,34419,06222
T,10.5,34420,06224
T,10.5,34420,06226
T,10.5,34421,06228
T,10.5,34421,06230
T,10.5,34422,06232
T,10.5,34422,06234
T,10.5,34423,06236
T,10.5,34423,06238
T,10.5,34424,06240
T,10.5,34424,06242
T,10.5,34425,06244
T,10.5,34426,06246
T,10.5,34426,06248
T,10.5,34427,06250
T,10.5,34427,06252
T,10.5,34428,06254
T,10.5,34428,06256
T,10.5,34429,06258
T,10.5,34429,06260
T,10.5,34430,06262
T,10.5,34430,06264
T,10.5,34431,06266
T,10.5,34431,06268
T,10.5,34432,06270
T,10.5,34432,06272
T,10.5,34433,06274
T,10.5,34433,06276
T,10.5,34434,06278
T,10.5,34434,06280
T,10.5,34435,06282
T,10.5,34435,06284
T,10.5,34436,06286
T,10.5,34437,06288
T,10.5,34437,06290
T,10.5,34438,06292
T,10.5,34438,06294
T,10.5,34439,06296
T,10.5,34439,06298
T,10.5,34440,06300
T,10.5,34440,06302
T,10.5,34441,06304
T,10.5,34441,06306
T,10.5,34442,06308
T,10.5,34442,06310
T,10.5,34443,06312
T,10.5,34443,06314
T,10.5,34444,06316
T,10.5,34444,06318
T,10.5,34445,06320
T,10.5,34445,06322
T,10.5,34446,06324
T,10.5,34446,06326
T,10.5,34447,06328
T,10.5,34448,06330
T,10.5,34448,06332
T,10.5,34449,06334
T,10.5,34449,06336
T,10.5,34450,06338
T,10.5,34450,06340
T,10.5,34451,06342
T,10.5,34451,06344
T,10.5,34452,06346
T,10.5,34452,06348
T,10.5,34453,06350
T,10.5,34453,06352
T,10.5,34454,06354
T,10.5,34454,06356
T,10.5,34455,06358
T,10.5,34455,06360
T,10.5,34456,06362
T,10.5,34456,06364
T,10.5,34457,06366
T,10.5,34457,06368
T,10.5,34458,06370
T,10.5,34459,06372
T,10.5,34459,06374
T,10.5,34460,06376
T,10.5,34460,06378
T,10.5,34461,06380
T,10.5,34461,06382
T,10.5,34462,06384
T,10.5,34462,06386
T,10.5,34463,06388
T,10.5,34463,06390
T,10.5,34464,06392
T,10.5,34464,06394
T,10.5,34465,06396
T,10.5,34465,06398
T,10.5,34466,06400
T,10.5,34466,06402
T,10.5,34467,06404
T,10.5,34467,06406
T,10.5,34468,06408
T,10.5,34469,06410
T,10.5,34469,06412
T,10.5,34470,06414
T,10.5,34470,06416
T,10.5,34471,06418
T,10.5,34471,06420
T,10.5,34472,06422
T,10.5,34472,06424
T,10.5,34473,06426
T,10.5,34473,06428
T,10.5,34474,06430
T,10.5,34474,06432
T,10.5,34475,06434
T,10.5,34475,06436
T,10.5,34476,06438
T,10.5,34476,06440
T,10.5,34477,06442
T,10.5,34477,06444
T,10.5,34478,06446
T,10.5,34479,06448
T,10.5,34479,06450
T,10.5,34480,06452
T,10.5,34480,06454
T,10.5,34481,06456
T,10.5,34481,06458
T,10.5,34482,06460
T,10.5,34482,06462
T,10.5,34483,06464
T,10.5,34483,06466
T,10.5,34484,06468
T,10.5,34484,06470
T,10.5,34485,06472
T,10.5,34485,06474
T,10.5,34486,06476
T,10.5,34486,06478
T,10.5,34487,06480
T,10.5,34487,06482
T,10.5,34488,06484
T,10.5,34489,06486
T,10.5,34489,06488
T,10.5,34490,06490
T,10.5,34490,06492
T,10.5,34491,06494
T,10.5,34491,06496
T,10.5,34492,06498
T,10.5,34492,06500
T,10.5,34493,06502
T,10.5,34493,06504
T,10.5,34494,06506
T,10.5,34494,06508
T,10.5,34495,06510
T,10.5,34495,06512
T,10.5,34496,06514
T,10.5,34496,06516
T,10.5,34497,06518
T,10.5,34498,06520
T,10.5,34498,06522
T,10.5,34499,06524
T,10.5,34499,06526
T,10.5,34500,06528
T,10.5,34500,06530
T,10.5,34501,06532
T,10.5,34501,06534
T,10.5,34502,06536
T,10.5,34502,06538
T,10.5,34503,06540
T,10.5,34503,06542
T,10.5,34504,06544
T,10.5,34504,06546
T,10.5,34505,06548
T,10.5,34505,06550
T,10.5,34506,06552
T,10.5,34507,06554
T,10.5,34507,06556
T,10.5,34508,06558
T,10.5,34508,06560
T,10.5,34509,06562
T,10.5,34509,06564
T,10.5,34510,06566
T,10.5,34510,06568
T,10.5,34511,06570
T,10.5,34511,06572
T,10.5,34512,06574
T,10.5,34512,06576
T,10.5,34513,06578
T,10.5,34514,06580
T,10.5,34514,06582
T,10.5,34515,06584
T,10.5,34515,06586
T,10.5,34516,06588
T,10.5,34516,06590
T,10.5,34517,06592
T,10.5,34517,06594
T,10.5,34518,06596
T,10.5,34518,06598
T,10.5,34519,06600
T,10.5,34519,06602
T,10.5,34520,06604
T,10.5,34521,06606
T,10.5,34521,06608
T,10.5,34522,06610
T,10.5,34522,06612
T,10.5,34523,06614
T,10.5,34523,06616
T,10.5,34524,06618
T,10.5,34524,06620
T,10.5,34525,06622
T,10.5,34525,06624
T,10.5,34526,06626
T,10.5,34526,06628
T,10.5,34527,06630
T,10.5,34528,06632
T,10.5,34528,06634
T,10.5,34529,06636
T,10.5,34529,06638
T,10.5,34530,06640
T,10.5,34530,06642
T,10.5,34531,06644
T,10.5,34531,06646
T,10.5,34532,06648
T,10.5,34532,06650
T,10.5,34533,06652
T,10.5,34533,06654
T,10.5,34534,06656
T,10.5,34535,06658
T,10.5,34535,06660
T,10.5,34536,06662
T,10.5,34536,06664
T,10.5,34537,06666
T,10.5,34537,06668
T,10.5,34538,06670
T,10.5,34538,06672
T,10.5,34539,06674
T,10.5,34539,06676
T,10.5,34540,06678
T,10.5,34541,06680
T,10.5,34541,06682
T,10.5,34542,06684
T,10.5,34542,06686
T,10.5,34543,06688
T,10.5,34543,06690
T,10.5,34544,06692
T,10.5,34544,06694
T,10.5,34545,06696
T,10.5,34545,06698
T,10.5,34546,06700
T,10.5,34546,06702
T,10.5,34547,06704
T,10.5,34547,06706
T,10.5,34548,06708
T,10.5,34549,06710
T,10.5,34549,06712
T,10.5,34550,06714
T,10.5,34550,06716
T,10.5,34551,06718
T,10.5,34551,06720
T,10.5,34552,06722
T,10.5,34552,06724
T,10.5,34553,06726
T,10.5,34553,06728
T,10.5,34554,06730
T,10.5,34555,06732
T,10.5,34555,06734
T,10.5,34556,06736
T,10.5,34556,06738
T,10.5,34557,06740
T,10.5,34557,06742
T,10.5,34558,06744
T,10.5,34558,06746
T,10.5,34559,06748
T,10.5,34559,06750
T,10.5,34560,06752
T,10.5,34561,06754
T,10.5,34561,06756
T,10.5,34562,06758
T,10.5,34562,06760
T,10.5,34563,06762
T,10.5,34563,06764
T,10.5,34564,06766
T,10.5,34564,06768
T,10.5,34565,06770
T,10.5,34565,06772
T,10.5,34566,06774
T,10.5,34566,06776
T,10.5,34567,06778
T,10.5,34568,06780
T,10.5,34568,06782
T,10.5,34569,06784
T,10.5,34569,06786
T,10.5,34570,06788
T,10.5,34570,06790
T,10.5,34571,06792
T,10.5,34571,06794
T,10.5,34572,06796
T,10.5,34572,06798
T,10.5,34573,06800
T,10.5,34574,06802
T,10.5,34574,06804
T,10.5,34575,06806
T,10.5,34575,06808
T,10.5,34576,06810
T,10.5,34576,06812
T,10.5,34577,06814
T,10.5,34577,06816
T,10.5,34578,06818
T,10.5,34578,06820
T,10.5,34579,06822
T,10.5,34580,06824
T,10.5,34580,06826
T,10.5,34581,06828
T,10.5,34581,06830
T,10.5,34582,06832
T,10.5,34582,06834
T,10.5,34583,06836
T,10.5,34583,06838
T,10.5,34584,06840
T,10.5,34584,06842
T,10.5,34585,06844
T,10.5,34585,06846
T,10.5,34586,06848
T,10.5,34587,06850
T,10.5,34587,06852
T,10.5,34588,06854
T,10.5,34588,06856
T,10.5,34589,06858
T,10.5,34589,06860
T,10.5,34590,06862
T,10.5,34590,06864
T,10.5,34591,06866
T,10.5,34591,06868
T,10.5,34592,06870
T,10.5,34593,06872
T,10.5,34593,06874
T,10.5,34594,06876
T,10.5,34594,06878
T,10.5,34595,06880
T,10.5,34595,06882
T,10.5,34596,06884
T,10.5,34596,06886
T,10.5,34597,06888
T,10.5,34597,06890
T,10.5,34598,06892
T,10.5,34599,06894
T,10.5,34599,06896
T,10.5,34600,06898
T,10.5,34600,06900
T,10.5,34601,06902
T,10.5,34601,06904
T,10.5,34602,06906
T,10.5,34602,06908
T,10.5,34603,06910
T,10.5,34603,06912
T,10.5,34604,06914
T,10.5,34605,06916
T,10.5,34605,06918
T,10.5,34606,06920
T,10.5,34606,06922
T,10.5,34607,06924
T,10.5,34607,06926
T,10.5,34608,06928
T,10.5,34608,06930
T,10.5,34609,06932
T,10.5,34609,06934
T,10.5,34610,06936
T,10.5,34610,06938
T,10.5,34611,06940
T,10.5,34612,06942
T,10.5,34612,06944
T,10.5,34613,06946
T,10.5,34613,06948
T,10.5,34614,06950
T,10.5,34614,06952
T,10.5,34615,06954
T,10.5,34615,06956
T,10.5,34616,06958
T,10.5,34616,06960
T,10.5,34617,06962
T,10.5,34618,06964
T,10.5,34618,06966
T,10.5,34619,06968
T,10.5,34619,06970
T,10.5,34620,06972
T,10.5,34620,06974
T,10.5,34621,06976
T,10.5,34621,06978
T,10.5,34622,06980
T,10.5,34623,06982
T,10.5,34623,06984
T,10.5,34624,06986
T,10.5,34624,06988
T,10.5,34625,06990
T,10.5,34625,06992
T,10.5,34626,06994
T,10.5,34626,06996
T,10.5,34627,06998
T,10.5,34627,07000
T,10.5,34628,07002
T,10.5,34629,07004
T,10.5,34629,07006
T,10.5,34630,07008
T,10.5,34630,07010
T,10.5,34631,07012
T,10.5,34631,07014
T,10.5,34632,07016
T,10.5,34632,07018
T,10.5,34633,07020
T,10.5,34633,07022
T,10.5,34634,07024
T,10.5,34635,07026
T,10.5,34635,07028
T,10.5,34636,07030
T,10.5,34636,07032
T,10.5,34637,07034
T,10.5,34637,07036
T,10.5,34638,07038
T,10.5,34638,07040
T,10.5,34639,07042
T,10.5,34639,07044
T,10.5,34640,07046
T,10.5,34641,07048
T,10.5,34641,07050
T,10.5,34642,07052
T,10.5,34642,07054
T,10.5,34643,07056
T,10.5,34643,07058
T,10.5,34644,07060
T,10.5,34644,07062
T,10.5,34645,07064
T,10.5,34645,07066
T,10.5,34646,07068
T,10.5,34646,07070
T,10.5,34647,07072
T,10.5,34648,07074
T,10.5,34648,07076
T,10.5,34649,07078
T,10.5,34649,07080
T,10.5,34650,07082
T,10.5,34650,07084
T,10.5,34651,07086
T,10.5,34651,07088
T,10.5,34652,07090
T,10.5,34652,07092
T,10.5,34653,07094
T,10.5,34654,07096
T,10.5,34654,07098
T,10.5,34655,07100
T,10.5,34655,07102
T,10.5,34656,07104
T,10.5,34656,07106
T,10.5,34657,07108
T,10.5,34657,07110
T,10.5,34658,07112
T,10.5,34658,07114
T,10.5,34659,07116
T,10.5,34659,07118
T,10.5,34660,07120
T,10.5,34661,07122
T,10.5,34661,07124
T,10.5,34662,07126
T,10.5,34662,07128
T,10.5,34663,07130
T,10.5,34663,07132
T,10.5,34664,07134
T,10.5,34664,07136
T,10.5,34665,07138
T,10.5,34665,07140
T,10.5,34666,07142
T,10.5,34667,07144
T,10.5,34667,07146
T,10.5,34668,07148
T,10.5,34668,07150
T,10.5,34669,07152
T,10.5,34669,07154
T,10.5,34670,07156
T,10.5,34670,07158
T,10.5,34671,07160
T,10.5,34671,07162
T,10.5,34672,07164
T,10.5,34672,07166
T,10.5,34673,07168
T,10.5,34674,07170
T,10.5,34674,07172
T,10.5,34675,07174
T,10.5,34675,07176
T,10.5,34676,07178
T,10.5,34676,07180
T,10.5,34677,07182
T,10.5,34677,07184
T,10.5,34678,07186
T,10.5,34678,07188
T,10.5,34679,07190
T,10.5,34679,07192
T,10.5,34680,07194
T,10.5,34680,07196
T,10.5,34681,07198
T,10.5,34682,07200
T,10.5,34682,07202
T,10.5,34683,07204
T,10.5,34683,07206
T,10.5,34684,07208
T,10.5,34684,07210
T,10.5,34685,07212
T,10.5,34685,07214
T,10.5,34686,07216
T,10.5,34686,07218
T,10.5,34687,07220
T,10.5,34688,07222
T,10.5,34688,07224
T,10.5,34689,07226
T,10.5,34689,07228
T,10.5,34690,07230
T,10.5,34690,07232
T,10.5,34691,07234
T,10.5,34691,07236
T,10.5,34692,07238
T,10.5,34692,07240
T,10.5,34693,07242
T,10.5,34694,07244
T,10.5,34694,07246
T,10.5,34695,07248
T,10.5,34695,07250
T,10.5,34696,07252
T,10.5,34696,07254
T,10.5,34697,07256
T,10.5,34697,07258
T,10.5,34698,07260
T,10.5,34698,07262
T,10.5,34699,07264
T,10.5,34699,07266
T,10.5,34700,07268
T,10.5,34701,07270
T,10.5,34701,07272
T,10.5,34702,07274
T,10.5,34702,07276
T,10.5,34703,07278
T,10.5,34703,07280
T,10.5,34704,07282
T,10.5,34704,07284
T,10.5,34705,07286
T,10.5,34705,07288
T,10.5,34706,07290
T,10.5,34707,07292
T,10.5,34707,07294
T,10.5,34708,07296
T,10.5,34708,07298
T,10.5,34709,07300
T,10.5,34709,07302
T,10.5,34710,07304
T,10.5,34710,07306
T,10.5,34711,07308
T,10.5,34711,07310
T,10.5,34712,07312
T,10.5,34713,07314
T,10.5,34713,07316
T,10.5,34714,07318
T,10.5,34714,07320
T,10.5,34715,07322
T,10.5,34715,07324
T,10.5,34716,07326
T,10.5,34716,07328
T,10.5,34717,07330
T,10.5,34717,07332
T,10.5,34718,07334
T,10.5,34718,07336
T,10.5,34719,07338
T,10.5,34720,07340
T,10.5,34720,07342
T,10.5,34721,07344
T,10.5,34721,07346
T,10.5,34722,07348
T,10.5,34722,07350
T,10.5,34723,07352
T,10.5,34723,07354
T,10.5,34724,07356
T,10.5,34724,07358
T,10.5,34725,07360
T,10.5,34726,07362
T,10.5,34726,07364
T,10.5,34727,07366
T,10.5,34727,07368
T,10.5,34728,07370
T,10.5,34728,07372
T,10.5,34729,07374
T,10.5,34729,07376
T,10.5,34730,07378
T,10.5,34730,07380
T,10.5,34731,07382
T,10.5,34731,07384
T,10.5,34732,07386
T,10.5,34733,07388
T,10.5,34733,07390
T,10.5,34734,07392
T,10.5,34734,07394
T,10.5,34735,07396
T,10.5,34735,07398
T,10.5,34736,07400
T,10.5,34736,07402
T,10.5,34737,07404
T,10.5,34737,07406
T,10.5,34738,07408
T,10.5,34739,07410
T,10.5,34739,07412
T,10.5,34740,07414
T,10.5,34740,07416
T,10.5,34741,07418
T,10.5,34741,07420
T,10.5,34742,07422
T,10.5,34742,07424
T,10.5,34743,07426
T,10.5,34743,07428
T,10.5,34744,07430
T,10.5,34745,07432
T,10.5,34745,07434
T,10.5,34746,07436
T,10.5,34746,07438
T,10.5,34747,07440
T,10.5,34747,07442
T,10.5,34748,07444
T,10.5,34748,07446
T,10.5,34749,07448
T,10.5,34749,07450
T,10.5,34750,07452
T,10.5,34750,07454
T,10.5,34751,07456
T,10.5,34751,07458
T,10.5,34752,07460
T,10.5,34753,07462
T,10.5,34753,07464
T,10.5,34754,07466
T,10.5,34754,07468
T,10.5,34755,07470
T,10.5,34755,07472
T,10.5,34756,07474
T,10.5,34756,07476
T,10.5,34757,07478
T,10.5,34757,07480
T,10.5,34758,07482
T,10.5,34758,07484
T,10.5,34759,07486
T,10.5,34760,07488
T,10.5,34760,07490
T,10.5,34761,07492
T,10.5,34761,07494
T,10.5,34762,07496
T,10.5,34762,07498
T,10.5,34763,07500
T,10.5,34763,07502
T,10.5,34764,07504
T,10.5,34764,07506
T,10.5,34765,07508
T,10.5,34765,07510
T,10.5,34766,07512
T,10.5,34766,07514
T,10.5,34767,07516
T,10.5,34768,07518
T,10.5,34768,07520
T,10.5,34769,07522
T,10.5,34769,07524
T,10.5,34770,07526
T,10.5,34770,07528
T,10.5,34771,07530
T,10.5,34771,07532
T,10.5,34772,07534
T,10.5,34772,07536
T,10.5,34773,07538
T,10.5,34773,07540
T,10.5,34774,07542
T,10.5,34775,07544
T,10.5,34775,07546
T,10.5,34776,07548
T,10.5,34776,07550
T,10.5,34777,07552
T,10.5,34777,07554
T,10.5,34778,07556
T,10.5,34778,07558
T,10.5,34779,07560
T,10.5,34779,07562
T,10.5,34780,07564
T,10.5,34780,07566
T,10.5,34781,07568
T,10.5,34782,07570
T,10.5,34782,07572
T,10.5,34783,07574
T,10.5,34783,07576
T,10.5,34784,07578
T,10.5,34784,07580
T,10.5,34785,07582
T,10.5,34785,07584
T,10.5,34786,07586
T,10.5,34786,07588
T,10.5,34787,07590
T,10.5,34787,07592
T,10.5,34788,07594
T,10.5,34788,07596
T,10.5,34789,07598
T,10.5,34790,07600
T,10.5,34790,07602
T,10.5,34791,07604
T,10.5,34791,07606
T,10.5,34792,07608
T,10.5,34792,07610
T,10.5,34793,07612
T,10.5,34793,07614
T,10.5,34794,07616
T,10.5,34794,07618
T,10.5,34795,07620
T,10.5,34795,07622
T,10.5,34796,07624
T,10.5,34796,07626
T,10.5,34797,07628
T,10.5,34798,07630
T,10.5,34798,07632
T,10.5,34799,07634
T,10.5,34799,07636
T,10.5,34800,07638
T,10.5,34800,07640
T,10.5,34801,07642
T,10.5,34801,07644
T,10.5,34802,07646
T,10.5,34802,07648
T,10.5,34803,07650
T,10.5,34803,07652
T,10.5,34804,07654
T,10.5,34805,07656
T,10.5,34805,07658
T,10.5,34806,07660
T,10.5,34806,07662
T,10.5,34807,07664
T,10.5,34807,07666
T,10.5,34808,07668
T,10.5,34808,07670
T,10.5,34809,07672
T,10.5,34809,07674
T,10.5,34810,07676
T,10.5,34810,07678
T,10.5,34811,07680
T,10.5,34811,07682
T,10.5,34812,07684
T,10.5,34813,07686
T,10.5,34813,07688
T,10.5,34814,07690
T,10.5,34814,07692
T,10.5,34815,07694
T,10.5,34815,07696
T,10.5,34816,07698
T,10.5,34816,07700
T,10.5,34817,07702
T,10.5,34817,07704
T,10.5,34818,07706
T,10.5,34818,07708
T,10.5,34819,07710
T,10.5,34820,07712
T,10.5,34820,07714
T,10.5,34821,07716
T,10.5,34821,07718
T,10.5,34822,07720
T,10.5,34822,07722
T,10.5,34823,07724
T,10.5,34823,07726
T,10.5,34824,07728
T,10.5,34824,07730
T,10.5,34825,07732
T,10.5,34825,07734
T,10.5,34826,07736
T,10.5,34826,07738
T,10.5,34827,07740
T,10.5,34828,07742
T,10.5,34828,07744
T,10.5,34829,07746
T,10.5,34829,07748
T,10.5,34830,07750
T,10.5,34830,07752
T,10.5,34831,07754
T,10.5,34831,07756
T,10.5,34832,07758
T,10.5,34832,07760
T,10.5,34833,07762
T,10.5,34833,07764
T,10.5,34834,07766
T,10.5,34834,07768
T,10.5,34835,07770
T,10.5,34835,07772
T,10.5,34836,07774
T,10.5,34836,07776
T,10.5,34837,07778
T,10.5,34838,07780
T,10.5,34838,07782
T,10.5,34839,07784
T,10.5,34839,07786
T,10.5,34840,07788
T,10.5,34840,07790
T,10.5,34841,07792
T,10.5,34841,07794
T,10.5,34842,07796
T,10.5,34842,07798
T,10.5,34843,07800
T,10.5,34843,07802
T,10.5,34844,07804
T,10.5,34844,07806
T,10.5,34845,07808
T,10.5,34845,07810
T,10.5,34846,07812
T,10.5,34847,07814
T,10.5,34847,07816
T,10.5,34848,07818
T,10.5,34848,07820
T,10.5,34849,07822
T,10.5,34849,07824
T,10.5,34850,07826
T,10.5,34850,07828
T,10.5,34851,07830
T,10.5,34851,07832
T,10.5,34852,07834
T,10.5,34852,07836
T,10.5,34853,07838
T,10.5,34853,07840
T,10.5,34854,07842
T,10.5,34854,07844
T,10.5,34855,07846
T,10.5,34855,07848
T,10.5,34856,07850
T,10.5,34856,07852
T,10.5,34857,07854
T,10.5,34857,07856
T,10.5,34858,07858
T,10.5,34859,07860
T,10.5,34859,07862
T,10.5,34860,07864
T,10.5,34860,07866
T,10.5,34861,07868
T,10.5,34861,07870
T,10.5,34862,07872
T,10.5,34862,07874
T,10.5,34863,07876
T,10.5,34863,07878
T,10.5,34864,07880
T,10.5,34864,07882
T,10.5,34865,07884
T,10.5,34865,07886
T,10.5,34866,07888
T,10.5,34866,07890
T,10.5,34867,07892
T,10.5,34867,07894
T,10.5,34868,07896
T,10.5,34869,07898
T,10.5,34869,07900
T,10.5,34870,07902
T,10.5,34870,07904
T,10.5,34871,07906
T,10.5,34871,07908
T,10.5,34872,07910
T,10.5,34872,07912
T,10.5,34873,07914
T,10.5,34873,07916
T,10.5,34874,07918
T,10.5,34874,07920
T,10.5,34875,07922
T,10.5,34875,07924
T,10.5,34876,07926
T,10.5,34876,07928
T,10.5,34877,07930
T,10.5,34877,07932
T,10.5,34878,07934
T,10.5,34878,07936
T,10.5,34879,07938
T,10.5,34880,07940
T,10.5,34880,07942
T,10.5,34881,07944
T,10.5,34881,07946
T,10.5,34882,07948
T,10.5,34882,07950
T,10.5,34883,07952
T,10.5,34883,07954
T,10.5,34884,07956
T,10.5,34884,07958
T,10.5,34885,07960
T,10.5,34885,07962
T,10.5,34886,07964
T,10.5,34886,07966
T,10.5,34887,07968
T,10.5,34887,07970
T,10.5,34888,07972
T,10.5,34889,07974
T,10.5,34889,07976
T,10.5,34890,07978
T,10.5,34890,07980
T,10.5,34891,07982
T,10.5,34891,07984
T,10.5,34892,07986
T,10.5,34892,07988
T,10.5,34893,07990
T,10.5,34893,07992
T,10.5,34894,07994
T,10.5,34894,07996
T,10.5,34895,07998
T,10.5,34895,08000
T,10.5,34896,08002
T,10.5,34896,08004
T,10.5,34897,08006
T,10.5,34897,08008
T,10.5,34898,08010
T,10.5,34898,08012
T,10.5,34899,08014
T,10.5,34900,08016
T,10.5,34900,08018
T,10.5,34901,08020
T,10.5,34901,08022
T,10.5,34902,08024
T,10.5,34902,08026
T,10.5,34903,08028
T,10.5,34903,08030
T,10.5,34904,08032
T,10.5,34904,08034
T,10.5,34905,08036
T,10.5,34905,08038
T,10.5,34906,08040
T,10.5,34906,08042
T,10.5,34907,08044
T,10.5,34907,08046
T,10.5,34908,08048
T,10.5,34908,08050
T,10.5,34909,08052
T,10.5,34909,08054
T,10.5,34910,08056
T,10.5,34911,08058
T,10.5,34911,08060
T,10.5,34912,08062
T,10.5,34912,08064
T,10.5,34913,08066
T,10.5,34913,08068
T,10.5,34914,08070
T,10.5,34914,08072
T,10.5,34915,08074
T,10.5,34915,08076
T,10.5,34916,08078
T,10.5,34916,08080
T,10.5,34917,08082
T,10.5,34917,08084
T,10.5,34918,08086
T,10.5,34918,08088
T,10.5,34919,08090
T,10.5,34919,08092
T,10.5,34920,08094
T,10.5,34921,08096
T,10.5,34921,08098
T,10.5,34922,08100
T,10.5,34922,08102
T,10.5,34923,08104
T,10.5,34923,08106
T,10.5,34924,08108
T,10.5,34924,08110
T,10.5,34925,08112
T,10.5,34925,08114
T,10.5,34926,08116
T,10.5,34926,08118
T,10.5,34927,08120
T,10.5,34927,08122
T,10.5,34928,08124
T,10.5,34928,08126
T,10.5,34929,08128
T,10.5,34929,08130
T,10.5,34930,08132
T,10.5,34931,08134
T,10.5,34931,08136
T,10.5,34932,08138
T,10.5,34932,08140
T,10.5,34933,08142
T,10.5,34933,08144
T,10.5,34934,08146
T,10.5,34934,08148
T,10.5,34935,08150
T,10.5,34935,08152
T,10.5,34936,08154
T,10.5,34936,08156
T,10.5,34937,08158
T,10.5,34937,08160
T,10.5,34938,08162
T,10.5,34938,08164
T,10.5,34939,08166
T,10.5,34940,08168
T,10.5,34940,08170
T,10.5,34941,08172
T,10.5,34941,08174
T,10.5,34942,08176
T,10.5,34942,08178
T,10.5,34943,08180
T,10.5,34943,08182
T,10.5,34944,08184
T,10.5,34944,08186
T,10.5,34945,08188
T,10.5,34945,08190
T,10.5,34946,08192
T,10.5,34946,08194
T,10.5,34947,08196
T,10.5,34947,08198
T,10.5,34948,08200
T,10.5,34949,08202
T,10.5,34949,08204
T,10.5,34950,08206
T,10.5,34950,08208
T,10.5,34951,08210
T,10.5,34951,08212
T,10.5,34952,08214
T,10.5,34952,08216
T,10.5,34953,08218
T,10.5,34953,08220
T,10.5,34954,08222
T,10.5,34954,08224
T,10.5,34955,08226
T,10.5,34955,08228
T,10.5,34956,08230
T,10.5,34956,08232
T,10.5,34957,08234
T,10.5,34958,08236
T,10.5,34958,08238
T,10.5,34959,08240
T,10.5,34959,08242
T,10.5,34960,08244
T,10.5,34960,08246
T,10.5,34961,08248
T,10.5,34961,08250
T,10.5,34962,08252
T,10.5,34962,08254
T,10.5,34963,08256
T,10.5,34963,08258
T,10.5,34964,08260
T,10.5,34965,08262
T,10.5,34965,08264
T,10.5,34966,08266
T,10.5,34966,08268
T,10.5,34967,08270
T,10.5,34967,08272
T,10.5,34968,08274
T,10.5,34968,08276
T,10.5,34969,08278
T,10.5,34969,08280
T,10.5,34970,08282
T,10.5,34970,08284
T,10.5,34971,08286
T,10.5,34972,08288
T,10.5,34972,08290
T,10.5,34973,08292
T,10.5,34973,08294
T,10.5,34974,08296
T,10.5,34974,08298
T,10.5,34975,08300
T,10.5,34975,08302
T,10.5,34976,08304
T,10.5,34976,08306
T,10.5,34977,08308
T,10.5,34977,08310
T,10.5,34978,08312
T,10.5,34979,08314
T,10.5,34979,08316
T,10.5,34980,08318
T,10.5,34980,08320
T,10.5,34981,08322
T,10.5,34981,08324
T,10.5,34982,08326
T,10.5,34982,08328
T,10.5,34983,08330
T,10.5,34983,08332
T,10.5,34984,08334
T,10.5,34985,08336
T,10.5,34985,08338
T,10.5,34986,08340
T,10.5,34986,08342
T,10.5,34987,08344
T,10.5,34987,08346
T,10.5,34988,08348
T,10.5,34988,08350
T,10.5,34989,08352
T,10.5,34989,08354
T,10.5,34990,08356
T,10.5,34990,08358
T,10.5,34991,08360
T,10.5,34991,08362
T,10.5,34992,08364
T,10.5,34993,08366
T,10.5,34993,08368
T,10.5,34994,08370
T,10.5,34994,08372
T,10.5,34995,08374
T,10.5,34995,08376
T,10.5,34996,08378
T,10.5,34996,08380
T,10.5,34997,08382
T,10.5,34997,08384
T,10.5,34998,08386
T,10.5,34998,08388
T,10.5,34999,08390
T,10.5,35000,08392
T,10.5,35000,08394
T,10.5,35001,08396
T,10.5,35001,08398
T,10.5,35002,08400
T,10.5,35002,08402
T,10.5,35003,08404
T,10.5,35003,08406
T,10.5,35004,08408
T,10.5,35004,08410
T,10.5,35005,08412
T,10.5,35006,08414
T,10.5,35006,08416
T,10.5,35007,08418
T,10.5,35007,08420
T,10.5,35008,08422
T,10.5,35008,08424
T,10.5,35009,08426
T,10.5,35009,08428
T,10.5,35010,08430
T,10.5,35010,08432
T,10.5,35011,08434
T,10.5,35012,08436
T,10.5,35012,08438
T,10.5,35013,08440
T,10.5,35013,08442
T,10.5,35014,08444
T,10.5,35014,08446
T,10.5,35015,08448
T,10.5,35015,08450
T,10.5,35016,08452
T,10.5,35016,08454
T,10.5,35017,08456
T,10.5,35018,08458
T,10.5,35018,08460
T,10.5,35019,08462
T,10.5,35019,08464
T,10.5,35020,08466
T,10.5,35020,08468
T,10.5,35021,08470
T,10.5,35021,08472
T,10.5,35022,08474
T,10.5,35022,08476
T,10.5,35023,08478
T,10.5,35023,08480
T,10.5,35024,08482
T,10.5,35025,08484
T,10.5,35025,08486
T,10.5,35026,08488
T,10.5,35026,08490
T,10.5,35027,08492
T,10.5,35027,08494
T,10.5,35028,08496
T,10.5,35028,08498
T,10.5,35029,08500
T,10.5,35029,08502
T,10.5,35030,08504
T,10.5,35030,08506
T,10.5,35031,08508
T,10.5,35032,08510
T,10.5,35032,08512
T,10.5,35033,08514
T,10.5,35033,08516
T,10.5,35034,08518
T,10.5,35034,08520
T,10.5,35035,08522
T,10.5,35035,08524
T,10.5,35036,08526
T,10.5,35036,08528
T,10.5,35037,08530
T,10.5,35038,08532
T,10.5,35038,08534
T,10.5,35039,08536
T,10.5,35039,08538
T,10.5,35040,08540
T,10.5,35040,08542
T,10.5,35041,08544
T,10.5,35041,08546
T,10.5,35042,08548
T,10.5,35042,08550
T,10.5,35043,08552
T,10.5,35043,08554
T,10.5,35044,08556
T,10.5,35045,08558
T,10.5,35045,08560
T,10.5,35046,08562
T,10.5,35046,08564
T,10.5,35047,08566
T,10.5,35047,08568
T,10.5,35048,08570
T,10.5,35048,08572
T,10.5,35049,08574
T,10.5,35049,08576
T,10.5,35050,08578
T,10.5,35051,08580
T,10.5,35051,08582
T,10.5,35052,08584
T,10.5,35052,08586
T,10.5,35053,08588
T,10.5,35053,08590
T,10.5,35054,08592
T,10.5,35054,08594
T,10.5,35055,08596
T,10.5,35055,08598
T,10.5,35056,08600
T,10.5,35057,08602
T,10.5,35057,08604
T,10.5,35058,08606
T,10.5,35058,08608
T,10.5,35059,08610
T,10.5,35059,08612
T,10.5,35060,08614
T,10.5,35060,08616
T,10.5,35061,08618
T,10.5,35061,08620
T,10.5,35062,08622
T,10.5,35063,08624
T,10.5,35063,08626
T,10.5,35064,08628
T,10.5,35064,08630
T,10.5,35065,08632
T,10.5,35065,08634
T,10.5,35066,08636
T,10.5,35066,08638
T,10.5,35067,08640
T,10.5,35067,08642
T,10.5,35068,08644
T,10.5,35069,08646
T,10.5,35069,08648
T,10.5,35070,08650
T,10.5,35070,08652
T,10.5,35071,08654
T,10.5,35071,08656
T,10.5,35072,08658
T,10.5,35072,08660
T,10.5,35073,08662
T,10.5,35073,08664
T,10.5,35074,08666
T,10.5,35075,08668
T,10.5,35075,08670
T,10.5,35076,08672
T,10.5,35076,08674
T,10.5,35077,08676
T,10.5,35077,08678
T,10.5,35078,08680
T,10.5,35078,08682
T,10.5,35079,08684
T,10.5,35079,08686
T,10.5,35080,08688
T,10.5,35081,08690
T,10.5,35081,08692
T,10.5,35082,08694
T,10.5,35082,08696
T,10.5,35083,08698
T,10.5,35083,08700
T,10.5,35084,08702
T,10.5,35084,08704
T,10.5,35085,08706
T,10.5,35085,08708
T,10.5,35086,08710
T,10.5,35087,08712
T,10.5,35087,08714
T,10.5,35088,08716
T,10.5,35088,08718
T,10.5,35089,08720
T,10.5,35089,08722
T,10.5,35090,08724
T,10.5,35090,08726
T,10.5,35091,08728
T,10.5,35091,08730
T,10.5,35092,08732
T,10.5,35093,08734
T,10.5,35093,08736
T,10.5,35094,08738
T,10.5,35094,08740
T,10.5,35095,08742
T,10.5,35095,08744
T,10.5,35096,08746
T,10.5,35096,08748
T,10.5,35097,08750
T,10.5,35097,08752
T,10.5,35098,08754
T,10.5,35098,08756
T,10.5,35099,08758
T,10.5,35100,08760
T,10.5,35100,08762
T,10.5,35101,08764
T,10.5,35101,08766
T,10.5,35102,08768
T,10.5,35102,08770
T,10.5,35103,08772
T,10.5,35103,08774
T,10.5,35104,08776
T,10.5,35104,08778
T,10.5,35105,08780
T,10.5,35105,08782
T,10.5,35106,08784
T,10.5,35107,08786
T,10.5,35107,08788
T,10.5,35108,08790
T,10.5,35108,08792
T,10.5,35109,08794
T,10.5,35109,08796
T,10.5,35110,08798
T,10.5,35110,08800
T,10.5,35111,08802
T,10.5,35111,08804
T,10.5,35112,08806
T,10.5,35112,08808
T,10.5,35113,08810
T,10.5,35114,08812
T,10.5,35114,08814
T,10.5,35115,08816
T,10.5,35115,08818
T,10.5,35116,08820
T,10.5,35116,08822
T,10.5,35117,08824
T,10.5,35117,08826
T,10.5,35118,08828
T,10.5,35118,08830
T,10.5,35119,08832
T,10.5,35119,08834
T,10.5,35120,08836
T,10.5,35121,08838
T,10.5,35121,08840
T,10.5,35122,08842
T,10.5,35122,08844
T,10.5,35123,08846
T,10.5,35123,08848
T,10.5,35124,08850
T,10.5,35124,08852
T,10.5,35125,08854
T,10.5,35125,08856
T,10.5,35126,08858
T,10.5,35126,08860
T,10.5,35127,08862
T,10.5,35128,08864
T,10.5,35128,08866
T,10.5,35129,08868
T,10.5,35129,08870
T,10.5,35130,08872
T,10.5,35130,08874
T,10.5,35131,08876
T,10.5,35131,08878
T,10.5,35132,08880
T,10.5,35132,08882
T,10.5,35133,08884
T,10.5,35133,08886
T,10.5,35134,08888
T,10.5,35135,08890
T,10.5,35135,08892
T,10.5,35136,08894
T,10.5,35136,08896
T,10.5,35137,08898
T,10.5,35137,08900
T,10.5,35138,08902
T,10.5,35138,08904
T,10.5,35139,08906
T,10.5,35139,08908
T,10.5,35140,08910
T,10.5,35140,08912
T,10.5,35141,08914
T,10.5,35142,08916
T,10.5,35142,08918
T,10.5,35143,08920
T,10.5,35143,08922
T,10.5,35144,08924
T,10.5,35144,08926
T,10.5,35145,08928
T,10.5,35145,08930
T,10.5,35146,08932
T,10.5,35146,08934
T,10.5,35147,08936
T,10.5,35147,08938
T,10.5,35148,08940
T,10.5,35149,08942
T,10.5,35149,08944
T,10.5,35150,08946
T,10.5,35150,08948
T,10.5,35151,08950
T,10.5,35151,08952
T,10.5,35152,08954
T,10.5,35152,08956
T,10.5,35153,08958
T,10.5,35153,08960
T,10.5,35154,08962
T,10.5,35155,08964
T,10.5,35155,08966
T,10.5,35156,08968
T,10.5,35156,08970
T,10.5,35157,08972
T,10.5,35157,08974
T,10.5,35158,08976
T,10.5,35158,08978
T,10.5,35159,08980
T,10.5,35159,08982
T,10.5,35160,08984
T,10.5,35161,08986
T,10.5,35161,08988
T,10.5,35162,08990
T,10.5,35162,08992
T,10.5,35163,08994
T,10.5,35163,08996
T,10.5,35164,08998
T,10.5,35164,09000
